Workbook

Sheet 90-Day Roadmap
A1: 90-DAY MARKETING ROADMAP | NorCal SBDC
A2: Client / Business: | E2: Advisor: | H2: Start Date:
A3: Primary 90-Day Goal: | H3: Revenue Target:
A4: # | B4: Task / Initiative | C4: Marketing Channel | D4: Owner | E4: Priority | F4: Phase | G4: Status | H4: Due Date | I4: Success Metric | J4: Notes
A5: PHASE 1 — DAYS 1–30 | Foundation & Quick Wins
A6: 1 | B6: Set up / claim Google Business Profile | C6: Local/Events | D6: Client | E6: High | F6: Phase 1 (Days 1-30) | G6: Not Started | I6: Impressions, calls from GMB
A7: 2 | B7: Audit existing website for SEO basics | C7: SEO/Website | D7: Client | E7: High | F7: Phase 1 (Days 1-30) | G7: Not Started | I7: Core Web Vitals score
A8: 3 | B8: Define target audience & messaging | C8: Branding | D8: Both | E8: High | F8: Phase 1 (Days 1-30) | G8: Not Started | I8: Completed persona doc
A9: 4 | B9: Set up or clean up email list | C9: Email | D9: Client | E9: Medium | F9: Phase 1 (Days 1-30) | G9: Not Started | I9: List size, deliverability rate
A10: 5 | B10: Establish social media posting schedule | C10: Social Media | D10: Client | E10: Medium | F10: Phase 1 (Days 1-30) | G10: Not Started | I10: Posts/week consistency
A11: 6 | B11: Identify top 3 competitors & analyze | C11: Branding | D11: Both | E11: Medium | F11: Phase 1 (Days 1-30) | G11: Not Started | I11: Completed competitor analysis
A12: 7 | B12: Install Google Analytics / tracking | C12: Analytics | D12: Client | E12: High | F12: Phase 1 (Days 1-30) | G12: Not Started | I12: Tracking confirmed live
F13: Phase 1 (Days 1-30) | G13: Not Started
A15: PHASE 2 — DAYS 31–60 | Build & Execute
A16: 9 | B16: Launch or refresh email newsletter | C16: Email | D16: Client | E16: High | F16: Phase 2 (Days 31-60) | G16: Not Started | I16: Open rate > 25%
A17: 10 | B17: Create 4 weeks of social content | C17: Social Media | D17: Client | E17: High | F17: Phase 2 (Days 31-60) | G17: Not Started | I17: Engagement rate
A18: 11 | B18: Publish 2 SEO blog posts or landing pages | C18: SEO/Website | D18: Client | E18: Medium | F18: Phase 2 (Days 31-60) | G18: Not Started | I18: Organic traffic lift
A19: 12 | B19: Request 10 Google reviews from customers | C19: Local/Events | D19: Client | E19: High | F19: Phase 2 (Days 31-60) | G19: Not Started | I19: Review count & rating
A20: 13 | B20: Test one paid ad campaign | C20: Paid Ads | D20: Both | E20: Medium | F20: Phase 2 (Days 31-60) | G20: Not Started | I20: CPC, CTR, conversions
A21: 14 | B21: Update website copy with new messaging | C21: SEO/Website | D21: Client | E21: Medium | F21: Phase 2 (Days 31-60) | G21: Not Started | I21: Bounce rate improvement
F22: Phase 2 (Days 31-60) | G22: Not Started
F23: Phase 2 (Days 31-60) | G23: Not Started
A25: PHASE 3 — DAYS 61–90 | Optimize & Scale
A26: 17 | B26: Review analytics — what's working? | C26: Analytics | D26: Both | E26: High | F26: Phase 3 (Days 61-90) | G26: Not Started | I26: Traffic, leads, revenue change
A27: 18 | B27: Double down on best performing channel | C27: Social Media | D27: Client | E27: High | F27: Phase 3 (Days 61-90) | G27: Not Started | I27: Channel-specific KPI
A28: 19 | B28: Launch referral or loyalty program | C28: Operations | D28: Client | E28: Medium | F28: Phase 3 (Days 61-90) | G28: Not Started | I28: Referrals generated
A29: 20 | B29: Refine paid ad targeting based on data | C29: Paid Ads | D29: Both | E29: Medium | F29: Phase 3 (Days 61-90) | G29: Not Started | I29: ROAS improvement
A30: 21 | B30: Plan next 90-day cycle | C30: Operations | D30: Both | E30: High | F30: Phase 3 (Days 61-90) | G30: Not Started | I30: Next roadmap drafted
A31: 22 | B31: Conduct customer feedback survey | C31: Operations | D31: Client | E31: Low | F31: Phase 3 (Days 61-90) | G31: Not Started | I31: Responses collected
F32: Phase 3 (Days 61-90) | G32: Not Started
F33: Phase 3 (Days 61-90) | G33: Not Started

Sheet Progress Dashboard
A1: 90-DAY ROADMAP | PROGRESS DASHBOARD
A2: OVERALL PROGRESS
A3: Total Tasks | B3: =COUNTA('90-Day Roadmap'!B5:B35)-COUNTBLANK('90-Day Roadmap'!B5:B35) -> 7
A4: Completed | B4: =COUNTIF('90-Day Roadmap'!G5:G35,"Completed") -> 0
A5: In Progress | B5: =COUNTIF('90-Day Roadmap'!G5:G35,"In Progress") -> 0
A6: Not Started | B6: =COUNTIF('90-Day Roadmap'!G5:G35,"Not Started") -> 24
A7: Blocked | B7: =COUNTIF('90-Day Roadmap'!G5:G35,"Blocked") -> 0
A8: % Complete | B8: =IFERROR(COUNTIF('90-Day Roadmap'!G5:G35,"Completed")/COUNTA('90-Day Roadmap'!B5:B35),0) -> 0
A10: PHASE BREAKDOWN | B10: Phase | C10: Total | D10: Completed | E10: In Progress | F10: Blocked | G10: % Done
A11: Phase 1 (Days 1–30) | B11: =COUNTIFS('90-Day Roadmap'!F5:F35,"Phase 1 (Days 1-30)",'90-Day Roadmap'!B5:B35,"<>") -> 7 | C11: =COUNTIFS('90-Day Roadmap'!F5:F35,"Phase 1 (Days 1-30)",'90-Day Roadmap'!G5:G35,"Completed") -> 0 | D11: =COUNTIFS('90-Day Roadmap'!F5:F35,"Phase 1 (Days 1-30)",'90-Day Roadmap'!G5:G35,"In Progress") -> 0 | E11: =COUNTIFS('90-Day Roadmap'!F5:F35,"Phase 1 (Days 1-30)",'90-Day Roadmap'!G5:G35,"Blocked") -> 0 | F11: =IFERROR(COUNTIFS('90-Day Roadmap'!F5:F35,"Phase 1 (Days 1-30)",'90-Day Roadmap'!G5:G35,"Completed")/COUNTIFS('90-Day Roadmap'!F5:F35,"Phase 1 (Days 1-30)",'90-Day Roadmap'!B5:B35,"<>"),0) -> 0
A12: Phase 2 (Days 31–60) | B12: =COUNTIFS('90-Day Roadmap'!F5:F35,"Phase 2 (Days 31-60)",'90-Day Roadmap'!B5:B35,"<>") -> 6 | C12: =COUNTIFS('90-Day Roadmap'!F5:F35,"Phase 2 (Days 31-60)",'90-Day Roadmap'!G5:G35,"Completed") -> 0 | D12: =COUNTIFS('90-Day Roadmap'!F5:F35,"Phase 2 (Days 31-60)",'90-Day Roadmap'!G5:G35,"In Progress") -> 0 | E12: =COUNTIFS('90-Day Roadmap'!F5:F35,"Phase 2 (Days 31-60)",'90-Day Roadmap'!G5:G35,"Blocked") -> 0 | F12: =IFERROR(COUNTIFS('90-Day Roadmap'!F5:F35,"Phase 2 (Days 31-60)",'90-Day Roadmap'!G5:G35,"Completed")/COUNTIFS('90-Day Roadmap'!F5:F35,"Phase 2 (Days 31-60)",'90-Day Roadmap'!B5:B35,"<>"),0) -> 0
A13: Phase 3 (Days 61–90) | B13: =COUNTIFS('90-Day Roadmap'!F5:F35,"Phase 3 (Days 61-90)",'90-Day Roadmap'!B5:B35,"<>") -> 6 | C13: =COUNTIFS('90-Day Roadmap'!F5:F35,"Phase 3 (Days 61-90)",'90-Day Roadmap'!G5:G35,"Completed") -> 0 | D13: =COUNTIFS('90-Day Roadmap'!F5:F35,"Phase 3 (Days 61-90)",'90-Day Roadmap'!G5:G35,"In Progress") -> 0 | E13: =COUNTIFS('90-Day Roadmap'!F5:F35,"Phase 3 (Days 61-90)",'90-Day Roadmap'!G5:G35,"Blocked") -> 0 | F13: =IFERROR(COUNTIFS('90-Day Roadmap'!F5:F35,"Phase 3 (Days 61-90)",'90-Day Roadmap'!G5:G35,"Completed")/COUNTIFS('90-Day Roadmap'!F5:F35,"Phase 3 (Days 61-90)",'90-Day Roadmap'!B5:B35,"<>"),0) -> 0
