Workbook

Sheet Channel Overview
A1: MARKETING CHANNEL PLANNER | NorCal SBDC
A2: Client / Business: | E2: Advisor: | I2: Business Type: | L2: Monthly Budget: | M2: 0
A3: Channel | B3: Type | C3: Est. Cost | D3: Best For | E3: Limitations/Risks | F3: Using Now? | G3: Effectiveness | H3: Priority | I3: Monthly Budget ($) | J3: % of Total Budget | K3: Target Audience | L3: Goal / KPI | M3: Notes
A4: ORGANIC CHANNELS
A5: Website / Blog / SEO | B5: Owned | C5: Free (time) | D5: Long-term traffic & credibility | E5: Slow — 3–6 months to see results | F5: No | I5: 0 | J5: =IFERROR(I5/'Channel Overview'!K2,0) -> 0
A6: Instagram (Organic) | B6: Social | C6: Free (time) | D6: Visual brand building, community | E6: Algorithm reach declining | F6: No | I6: 0 | J6: =IFERROR(I6/'Channel Overview'!K2,0) -> 0
A7: Facebook (Organic) | B7: Social | C7: Free (time) | D7: Local community, groups, events | E7: Lower organic reach | F7: No | I7: 0 | J7: =IFERROR(I7/'Channel Overview'!K2,0) -> 0
A8: LinkedIn (Organic) | B8: Social | C8: Free (time) | D8: B2B, professional credibility | E8: Best for service businesses | F8: No | I8: 0 | J8: =IFERROR(I8/'Channel Overview'!K2,0) -> 0
A9: TikTok (Organic) | B9: Social | C9: Free (time) | D9: High organic reach, video discovery | E9: Requires consistent video output | F9: No | I9: 0 | J9: =IFERROR(I9/'Channel Overview'!K2,0) -> 0
A10: YouTube (Organic) | B10: Video | C10: Free (time) | D10: Long-form authority & SEO | E10: High production effort | F10: No | I10: 0 | J10: =IFERROR(I10/'Channel Overview'!K2,0) -> 0
A11: Pinterest | B11: Social | C11: Free (time) | D11: Visual product discovery, evergreen | E11: Best for lifestyle/retail/food | F11: No | I11: 0 | J11: =IFERROR(I11/'Channel Overview'!K2,0) -> 0
A12: Google Business Profile | B12: Local | C12: Free | D12: Local search visibility, reviews | E12: Requires ongoing management | F12: No | I12: 0 | J12: =IFERROR(I12/'Channel Overview'!K2,0) -> 0
A13: Email Marketing | B13: Owned | C13: $0–$50/mo | D13: Highest ROI, direct to customer | E13: Requires list building | F13: No | I13: 0 | J13: =IFERROR(I13/'Channel Overview'!K2,0) -> 0
A14: Word of Mouth / Referrals | B14: Organic | C14: Free | D14: High conversion, trust-based | E14: Slow to scale | F14: No | I14: 0 | J14: =IFERROR(I14/'Channel Overview'!K2,0) -> 0
A16: PAID CHANNELS
A17: Google Search Ads (PPC) | B17: Paid | C17: $300–$2K+/mo | D17: High intent, immediate traffic | E17: Competitive, requires expertise | F17: No | I17: 0 | J17: =IFERROR(I17/'Channel Overview'!K2,0) -> 0
A18: Google Display Ads | B18: Paid | C18: $200–$1K+/mo | D18: Brand awareness, retargeting | E18: Lower intent, banner blindness | F18: No | I18: 0 | J18: =IFERROR(I18/'Channel Overview'!K2,0) -> 0
A19: Meta Ads (Facebook/Instagram) | B19: Paid | C19: $200–$2K+/mo | D19: Precise audience targeting | E19: Requires creative testing | F19: No | I19: 0 | J19: =IFERROR(I19/'Channel Overview'!K2,0) -> 0
A20: TikTok Ads | B20: Paid | C20: $300–$1K+/mo | D20: Massive reach, younger audiences | E20: Creative-intensive | F20: No | I20: 0 | J20: =IFERROR(I20/'Channel Overview'!K2,0) -> 0
A21: Pinterest Ads | B21: Paid | C21: $100–$500/mo | D21: Visual product promotion | E21: Best for retail/e-commerce | F21: No | I21: 0 | J21: =IFERROR(I21/'Channel Overview'!K2,0) -> 0
A22: YouTube Ads | B22: Paid | C22: $300–$1K+/mo | D22: Video reach, brand awareness | E22: Skippable, creative effort | F22: No | I22: 0 | J22: =IFERROR(I22/'Channel Overview'!K2,0) -> 0
A23: Influencer / Creator Marketing | B23: Paid | C23: $100–$5K+/post | D23: Authentic reach, niche audiences | E23: Variable ROI | F23: No | I23: 0 | J23: =IFERROR(I23/'Channel Overview'!K2,0) -> 0
A24: Yelp Ads | B24: Paid | C24: $150–$500/mo | D24: Local service discovery | E24: Best for local brick-and-mortar | F24: No | I24: 0 | J24: =IFERROR(I24/'Channel Overview'!K2,0) -> 0
A26: E-COMMERCE CHANNELS
A27: Shopify (Own Website) | B27: E-comm | C27: $39–$105/mo | D27: Full control, brand experience | E27: Requires traffic generation | F27: No | I27: 0 | J27: =IFERROR(I27/'Channel Overview'!K2,0) -> 0
A28: Amazon Marketplace | B28: E-comm | C28: 15% fees + ads | D28: Huge audience, high intent | E28: Competitive, margin pressure | F28: No | I28: 0 | J28: =IFERROR(I28/'Channel Overview'!K2,0) -> 0
A29: Etsy | B29: E-comm | C29: $0.20/listing + 6.5% | D29: Crafts/handmade, built-in traffic | E29: Limited to certain categories | F29: No | I29: 0 | J29: =IFERROR(I29/'Channel Overview'!K2,0) -> 0
A30: Facebook / Instagram Shop | B30: E-comm | C30: Free + ad spend | D30: In-app shopping, social proof | E30: Reach depends on paid support | F30: No | I30: 0 | J30: =IFERROR(I30/'Channel Overview'!K2,0) -> 0
A31: Google Shopping | B31: E-comm | C31: CPC-based | D31: High-intent product searches | E31: Requires product feed setup | F31: No | I31: 0 | J31: =IFERROR(I31/'Channel Overview'!K2,0) -> 0
A32: TikTok Shop | B32: E-comm | C32: 5% commission | D32: Viral product discovery | E32: Newer platform, younger audience | F32: No | I32: 0 | J32: =IFERROR(I32/'Channel Overview'!K2,0) -> 0
A33: Wholesale / Retailer Partners | B33: B2B | C33: Negotiated | D33: Scalable volume, new audiences | E33: Lower margins, less control | F33: No | I33: 0 | J33: =IFERROR(I33/'Channel Overview'!K2,0) -> 0
A35: TOTAL MONTHLY BUDGET ALLOCATED | I35: =SUM(I4:I34) -> 0 | J35: =IFERROR(I35/K2,0) -> 0

Sheet Channel Mix Summary
A1: CHANNEL MIX SUMMARY | NorCal SBDC
A2: Use this sheet to plan your channel mix by category and review budget allocation at a glance.
A3: Channel Category | B3: Channels Active | C3: Budget Allocated | D3: % of Total | E3: Priority Focus | F3: Notes
A4: Organic Channels
A5: Paid Channels
A6: E-commerce Channels
A7: TOTAL
