Workbook

Sheet Jan
A1: CONTENT CALENDAR | JANUARY | NorCal SBDC
A2: Client / Business: | F2: Advisor: | J2: Month / Year: | K2: January
A3: # | B3: Week | C3: Date | D3: Platform | E3: Format | F3: Content Pillar | G3: Topic / Caption Idea | H3: Hashtags / Keywords | I3: Visual Notes | J3: Link / CTA | K3: Status | L3: Published? | M3: Engagement Notes | N3: Perf. Score
A4: 1 | B4: Week 1 | K4: Idea | L4: No
A5: 2 | B5: Week 1 | K5: Idea | L5: No
A6: 3 | B6: Week 1 | K6: Idea | L6: No
A7: 4 | B7: Week 1 | K7: Idea | L7: No
A8: 5 | B8: Week 2 | K8: Idea | L8: No
A9: 6 | B9: Week 2 | K9: Idea | L9: No
A10: 7 | B10: Week 2 | K10: Idea | L10: No
A11: 8 | B11: Week 2 | K11: Idea | L11: No
A12: 9 | B12: Week 3 | K12: Idea | L12: No
A13: 10 | B13: Week 3 | K13: Idea | L13: No
A14: 11 | B14: Week 3 | K14: Idea | L14: No
A15: 12 | B15: Week 3 | K15: Idea | L15: No
... A23: 20 | B23: Week 5 | K23: Idea | L23: No

Sheet Feb
A1: CONTENT CALENDAR | FEBRUARY | NorCal SBDC
A2: Client / Business: | F2: Advisor: | J2: Month / Year: | K2: February
A3: # | B3: Week | C3: Date | D3: Platform | E3: Format | F3: Content Pillar | G3: Topic / Caption Idea | H3: Hashtags / Keywords | I3: Visual Notes | J3: Link / CTA | K3: Status | L3: Published? | M3: Engagement Notes | N3: Perf. Score
A4: 1 | B4: Week 1 | K4: Idea | L4: No
A5: 2 | B5: Week 1 | K5: Idea | L5: No
A6: 3 | B6: Week 1 | K6: Idea | L6: No
A7: 4 | B7: Week 1 | K7: Idea | L7: No
A8: 5 | B8: Week 2 | K8: Idea | L8: No
A9: 6 | B9: Week 2 | K9: Idea | L9: No
A10: 7 | B10: Week 2 | K10: Idea | L10: No
A11: 8 | B11: Week 2 | K11: Idea | L11: No
A12: 9 | B12: Week 3 | K12: Idea | L12: No
A13: 10 | B13: Week 3 | K13: Idea | L13: No
A14: 11 | B14: Week 3 | K14: Idea | L14: No
A15: 12 | B15: Week 3 | K15: Idea | L15: No
... A23: 20 | B23: Week 5 | K23: Idea | L23: No

Sheet Mar
A1: CONTENT CALENDAR | MARCH | NorCal SBDC
A2: Client / Business: | F2: Advisor: | J2: Month / Year: | K2: March
A3: # | B3: Week | C3: Date | D3: Platform | E3: Format | F3: Content Pillar | G3: Topic / Caption Idea | H3: Hashtags / Keywords | I3: Visual Notes | J3: Link / CTA | K3: Status | L3: Published? | M3: Engagement Notes | N3: Perf. Score
A4: 1 | B4: Week 1 | K4: Idea | L4: No
A5: 2 | B5: Week 1 | K5: Idea | L5: No
A6: 3 | B6: Week 1 | K6: Idea | L6: No
A7: 4 | B7: Week 1 | K7: Idea | L7: No
A8: 5 | B8: Week 2 | K8: Idea | L8: No
A9: 6 | B9: Week 2 | K9: Idea | L9: No
A10: 7 | B10: Week 2 | K10: Idea | L10: No
A11: 8 | B11: Week 2 | K11: Idea | L11: No
A12: 9 | B12: Week 3 | K12: Idea | L12: No
A13: 10 | B13: Week 3 | K13: Idea | L13: No
A14: 11 | B14: Week 3 | K14: Idea | L14: No
A15: 12 | B15: Week 3 | K15: Idea | L15: No
... A23: 20 | B23: Week 5 | K23: Idea | L23: No

Sheet Apr
A1: CONTENT CALENDAR | APRIL | NorCal SBDC
A2: Client / Business: | F2: Advisor: | J2: Month / Year: | K2: April
A3: # | B3: Week | C3: Date | D3: Platform | E3: Format | F3: Content Pillar | G3: Topic / Caption Idea | H3: Hashtags / Keywords | I3: Visual Notes | J3: Link / CTA | K3: Status | L3: Published? | M3: Engagement Notes | N3: Perf. Score
A4: 1 | B4: Week 1 | K4: Idea | L4: No
A5: 2 | B5: Week 1 | K5: Idea | L5: No
A6: 3 | B6: Week 1 | K6: Idea | L6: No
A7: 4 | B7: Week 1 | K7: Idea | L7: No
A8: 5 | B8: Week 2 | K8: Idea | L8: No
A9: 6 | B9: Week 2 | K9: Idea | L9: No
A10: 7 | B10: Week 2 | K10: Idea | L10: No
A11: 8 | B11: Week 2 | K11: Idea | L11: No
A12: 9 | B12: Week 3 | K12: Idea | L12: No
A13: 10 | B13: Week 3 | K13: Idea | L13: No
A14: 11 | B14: Week 3 | K14: Idea | L14: No
A15: 12 | B15: Week 3 | K15: Idea | L15: No
... A23: 20 | B23: Week 5 | K23: Idea | L23: No

Sheet May
A1: CONTENT CALENDAR | MAY | NorCal SBDC
A2: Client / Business: | F2: Advisor: | J2: Month / Year: | K2: May
A3: # | B3: Week | C3: Date | D3: Platform | E3: Format | F3: Content Pillar | G3: Topic / Caption Idea | H3: Hashtags / Keywords | I3: Visual Notes | J3: Link / CTA | K3: Status | L3: Published? | M3: Engagement Notes | N3: Perf. Score
A4: 1 | B4: Week 1 | K4: Idea | L4: No
A5: 2 | B5: Week 1 | K5: Idea | L5: No
A6: 3 | B6: Week 1 | K6: Idea | L6: No
A7: 4 | B7: Week 1 | K7: Idea | L7: No
A8: 5 | B8: Week 2 | K8: Idea | L8: No
A9: 6 | B9: Week 2 | K9: Idea | L9: No
A10: 7 | B10: Week 2 | K10: Idea | L10: No
A11: 8 | B11: Week 2 | K11: Idea | L11: No
A12: 9 | B12: Week 3 | K12: Idea | L12: No
A13: 10 | B13: Week 3 | K13: Idea | L13: No
A14: 11 | B14: Week 3 | K14: Idea | L14: No
A15: 12 | B15: Week 3 | K15: Idea | L15: No
... A23: 20 | B23: Week 5 | K23: Idea | L23: No

Sheet Jun
A1: CONTENT CALENDAR | JUNE | NorCal SBDC
A2: Client / Business: | F2: Advisor: | J2: Month / Year: | K2: June
A3: # | B3: Week | C3: Date | D3: Platform | E3: Format | F3: Content Pillar | G3: Topic / Caption Idea | H3: Hashtags / Keywords | I3: Visual Notes | J3: Link / CTA | K3: Status | L3: Published? | M3: Engagement Notes | N3: Perf. Score
A4: 1 | B4: Week 1 | K4: Idea | L4: No
A5: 2 | B5: Week 1 | K5: Idea | L5: No
A6: 3 | B6: Week 1 | K6: Idea | L6: No
A7: 4 | B7: Week 1 | K7: Idea | L7: No
A8: 5 | B8: Week 2 | K8: Idea | L8: No
A9: 6 | B9: Week 2 | K9: Idea | L9: No
A10: 7 | B10: Week 2 | K10: Idea | L10: No
A11: 8 | B11: Week 2 | K11: Idea | L11: No
A12: 9 | B12: Week 3 | K12: Idea | L12: No
A13: 10 | B13: Week 3 | K13: Idea | L13: No
A14: 11 | B14: Week 3 | K14: Idea | L14: No
A15: 12 | B15: Week 3 | K15: Idea | L15: No
... A23: 20 | B23: Week 5 | K23: Idea | L23: No

Sheet Jul
A1: CONTENT CALENDAR | JULY | NorCal SBDC
A2: Client / Business: | F2: Advisor: | J2: Month / Year: | K2: July
A3: # | B3: Week | C3: Date | D3: Platform | E3: Format | F3: Content Pillar | G3: Topic / Caption Idea | H3: Hashtags / Keywords | I3: Visual Notes | J3: Link / CTA | K3: Status | L3: Published? | M3: Engagement Notes | N3: Perf. Score
A4: 1 | B4: Week 1 | K4: Idea | L4: No
A5: 2 | B5: Week 1 | K5: Idea | L5: No
A6: 3 | B6: Week 1 | K6: Idea | L6: No
A7: 4 | B7: Week 1 | K7: Idea | L7: No
A8: 5 | B8: Week 2 | K8: Idea | L8: No
A9: 6 | B9: Week 2 | K9: Idea | L9: No
A10: 7 | B10: Week 2 | K10: Idea | L10: No
A11: 8 | B11: Week 2 | K11: Idea | L11: No
A12: 9 | B12: Week 3 | K12: Idea | L12: No
A13: 10 | B13: Week 3 | K13: Idea | L13: No
A14: 11 | B14: Week 3 | K14: Idea | L14: No
A15: 12 | B15: Week 3 | K15: Idea | L15: No
... A23: 20 | B23: Week 5 | K23: Idea | L23: No

Sheet Aug
A1: CONTENT CALENDAR | AUGUST | NorCal SBDC
A2: Client / Business: | F2: Advisor: | J2: Month / Year: | K2: August
A3: # | B3: Week | C3: Date | D3: Platform | E3: Format | F3: Content Pillar | G3: Topic / Caption Idea | H3: Hashtags / Keywords | I3: Visual Notes | J3: Link / CTA | K3: Status | L3: Published? | M3: Engagement Notes | N3: Perf. Score
A4: 1 | B4: Week 1 | K4: Idea | L4: No
A5: 2 | B5: Week 1 | K5: Idea | L5: No
A6: 3 | B6: Week 1 | K6: Idea | L6: No
A7: 4 | B7: Week 1 | K7: Idea | L7: No
A8: 5 | B8: Week 2 | K8: Idea | L8: No
A9: 6 | B9: Week 2 | K9: Idea | L9: No
A10: 7 | B10: Week 2 | K10: Idea | L10: No
A11: 8 | B11: Week 2 | K11: Idea | L11: No
A12: 9 | B12: Week 3 | K12: Idea | L12: No
A13: 10 | B13: Week 3 | K13: Idea | L13: No
A14: 11 | B14: Week 3 | K14: Idea | L14: No
A15: 12 | B15: Week 3 | K15: Idea | L15: No
... A23: 20 | B23: Week 5 | K23: Idea | L23: No

Sheet Sep
A1: CONTENT CALENDAR | SEPTEMBER | NorCal SBDC
A2: Client / Business: | F2: Advisor: | J2: Month / Year: | K2: September
A3: # | B3: Week | C3: Date | D3: Platform | E3: Format | F3: Content Pillar | G3: Topic / Caption Idea | H3: Hashtags / Keywords | I3: Visual Notes | J3: Link / CTA | K3: Status | L3: Published? | M3: Engagement Notes | N3: Perf. Score
A4: 1 | B4: Week 1 | K4: Idea | L4: No
A5: 2 | B5: Week 1 | K5: Idea | L5: No
A6: 3 | B6: Week 1 | K6: Idea | L6: No
A7: 4 | B7: Week 1 | K7: Idea | L7: No
A8: 5 | B8: Week 2 | K8: Idea | L8: No
A9: 6 | B9: Week 2 | K9: Idea | L9: No
A10: 7 | B10: Week 2 | K10: Idea | L10: No
A11: 8 | B11: Week 2 | K11: Idea | L11: No
A12: 9 | B12: Week 3 | K12: Idea | L12: No
A13: 10 | B13: Week 3 | K13: Idea | L13: No
A14: 11 | B14: Week 3 | K14: Idea | L14: No
A15: 12 | B15: Week 3 | K15: Idea | L15: No
... A23: 20 | B23: Week 5 | K23: Idea | L23: No

Sheet Oct
A1: CONTENT CALENDAR | OCTOBER | NorCal SBDC
A2: Client / Business: | F2: Advisor: | J2: Month / Year: | K2: October
A3: # | B3: Week | C3: Date | D3: Platform | E3: Format | F3: Content Pillar | G3: Topic / Caption Idea | H3: Hashtags / Keywords | I3: Visual Notes | J3: Link / CTA | K3: Status | L3: Published? | M3: Engagement Notes | N3: Perf. Score
A4: 1 | B4: Week 1 | K4: Idea | L4: No
A5: 2 | B5: Week 1 | K5: Idea | L5: No
A6: 3 | B6: Week 1 | K6: Idea | L6: No
A7: 4 | B7: Week 1 | K7: Idea | L7: No
A8: 5 | B8: Week 2 | K8: Idea | L8: No
A9: 6 | B9: Week 2 | K9: Idea | L9: No
A10: 7 | B10: Week 2 | K10: Idea | L10: No
A11: 8 | B11: Week 2 | K11: Idea | L11: No
A12: 9 | B12: Week 3 | K12: Idea | L12: No
A13: 10 | B13: Week 3 | K13: Idea | L13: No
A14: 11 | B14: Week 3 | K14: Idea | L14: No
A15: 12 | B15: Week 3 | K15: Idea | L15: No
... A23: 20 | B23: Week 5 | K23: Idea | L23: No

Sheet Nov
A1: CONTENT CALENDAR | NOVEMBER | NorCal SBDC
A2: Client / Business: | F2: Advisor: | J2: Month / Year: | K2: November
A3: # | B3: Week | C3: Date | D3: Platform | E3: Format | F3: Content Pillar | G3: Topic / Caption Idea | H3: Hashtags / Keywords | I3: Visual Notes | J3: Link / CTA | K3: Status | L3: Published? | M3: Engagement Notes | N3: Perf. Score
A4: 1 | B4: Week 1 | K4: Idea | L4: No
A5: 2 | B5: Week 1 | K5: Idea | L5: No
A6: 3 | B6: Week 1 | K6: Idea | L6: No
A7: 4 | B7: Week 1 | K7: Idea | L7: No
A8: 5 | B8: Week 2 | K8: Idea | L8: No
A9: 6 | B9: Week 2 | K9: Idea | L9: No
A10: 7 | B10: Week 2 | K10: Idea | L10: No
A11: 8 | B11: Week 2 | K11: Idea | L11: No
A12: 9 | B12: Week 3 | K12: Idea | L12: No
A13: 10 | B13: Week 3 | K13: Idea | L13: No
A14: 11 | B14: Week 3 | K14: Idea | L14: No
A15: 12 | B15: Week 3 | K15: Idea | L15: No
... A23: 20 | B23: Week 5 | K23: Idea | L23: No

Sheet Dec
A1: CONTENT CALENDAR | DECEMBER | NorCal SBDC
A2: Client / Business: | F2: Advisor: | J2: Month / Year: | K2: December
A3: # | B3: Week | C3: Date | D3: Platform | E3: Format | F3: Content Pillar | G3: Topic / Caption Idea | H3: Hashtags / Keywords | I3: Visual Notes | J3: Link / CTA | K3: Status | L3: Published? | M3: Engagement Notes | N3: Perf. Score
A4: 1 | B4: Week 1 | K4: Idea | L4: No
A5: 2 | B5: Week 1 | K5: Idea | L5: No
A6: 3 | B6: Week 1 | K6: Idea | L6: No
A7: 4 | B7: Week 1 | K7: Idea | L7: No
A8: 5 | B8: Week 2 | K8: Idea | L8: No
A9: 6 | B9: Week 2 | K9: Idea | L9: No
A10: 7 | B10: Week 2 | K10: Idea | L10: No
A11: 8 | B11: Week 2 | K11: Idea | L11: No
A12: 9 | B12: Week 3 | K12: Idea | L12: No
A13: 10 | B13: Week 3 | K13: Idea | L13: No
A14: 11 | B14: Week 3 | K14: Idea | L14: No
A15: 12 | B15: Week 3 | K15: Idea | L15: No
... A23: 20 | B23: Week 5 | K23: Idea | L23: No

Sheet Annual Summary
A1: CONTENT CALENDAR | ANNUAL SUMMARY
A2: Month | B2: Total Posts | C2: Published | D2: Scheduled | E2: In Draft | F2: Skipped | G2: % Published | H2: Notes
A3: January | B3: =COUNTA(Jan!G4:G23) -> 0 | C3: =COUNTIF(Jan!K4:K23,"Published") -> 0 | D3: =COUNTIF(Jan!K4:K23,"Scheduled") -> 0 | E3: =COUNTIF(Jan!K4:K23,"Drafting") -> 0 | F3: =COUNTIF(Jan!K4:K23,"Skipped") -> 0 | G3: =IFERROR(C3/B3,0) -> 0
A4: February | B4: =COUNTA(Feb!G4:G23) -> 0 | C4: =COUNTIF(Feb!K4:K23,"Published") -> 0 | D4: =COUNTIF(Feb!K4:K23,"Scheduled") -> 0 | E4: =COUNTIF(Feb!K4:K23,"Drafting") -> 0 | F4: =COUNTIF(Feb!K4:K23,"Skipped") -> 0 | G4: =IFERROR(C4/B4,0) -> 0
A5: March | B5: =COUNTA(Mar!G4:G23) -> 0 | C5: =COUNTIF(Mar!K4:K23,"Published") -> 0 | D5: =COUNTIF(Mar!K4:K23,"Scheduled") -> 0 | E5: =COUNTIF(Mar!K4:K23,"Drafting") -> 0 | F5: =COUNTIF(Mar!K4:K23,"Skipped") -> 0 | G5: =IFERROR(C5/B5,0) -> 0
A6: April | B6: =COUNTA(Apr!G4:G23) -> 0 | C6: =COUNTIF(Apr!K4:K23,"Published") -> 0 | D6: =COUNTIF(Apr!K4:K23,"Scheduled") -> 0 | E6: =COUNTIF(Apr!K4:K23,"Drafting") -> 0 | F6: =COUNTIF(Apr!K4:K23,"Skipped") -> 0 | G6: =IFERROR(C6/B6,0) -> 0
A7: May | B7: =COUNTA(May!G4:G23) -> 0 | C7: =COUNTIF(May!K4:K23,"Published") -> 0 | D7: =COUNTIF(May!K4:K23,"Scheduled") -> 0 | E7: =COUNTIF(May!K4:K23,"Drafting") -> 0 | F7: =COUNTIF(May!K4:K23,"Skipped") -> 0 | G7: =IFERROR(C7/B7,0) -> 0
A8: June | B8: =COUNTA(Jun!G4:G23) -> 0 | C8: =COUNTIF(Jun!K4:K23,"Published") -> 0 | D8: =COUNTIF(Jun!K4:K23,"Scheduled") -> 0 | E8: =COUNTIF(Jun!K4:K23,"Drafting") -> 0 | F8: =COUNTIF(Jun!K4:K23,"Skipped") -> 0 | G8: =IFERROR(C8/B8,0) -> 0
A9: July | B9: =COUNTA(Jul!G4:G23) -> 0 | C9: =COUNTIF(Jul!K4:K23,"Published") -> 0 | D9: =COUNTIF(Jul!K4:K23,"Scheduled") -> 0 | E9: =COUNTIF(Jul!K4:K23,"Drafting") -> 0 | F9: =COUNTIF(Jul!K4:K23,"Skipped") -> 0 | G9: =IFERROR(C9/B9,0) -> 0
A10: August | B10: =COUNTA(Aug!G4:G23) -> 0 | C10: =COUNTIF(Aug!K4:K23,"Published") -> 0 | D10: =COUNTIF(Aug!K4:K23,"Scheduled") -> 0 | E10: =COUNTIF(Aug!K4:K23,"Drafting") -> 0 | F10: =COUNTIF(Aug!K4:K23,"Skipped") -> 0 | G10: =IFERROR(C10/B10,0) -> 0
A11: September | B11: =COUNTA(Sep!G4:G23) -> 0 | C11: =COUNTIF(Sep!K4:K23,"Published") -> 0 | D11: =COUNTIF(Sep!K4:K23,"Scheduled") -> 0 | E11: =COUNTIF(Sep!K4:K23,"Drafting") -> 0 | F11: =COUNTIF(Sep!K4:K23,"Skipped") -> 0 | G11: =IFERROR(C11/B11,0) -> 0
A12: October | B12: =COUNTA(Oct!G4:G23) -> 0 | C12: =COUNTIF(Oct!K4:K23,"Published") -> 0 | D12: =COUNTIF(Oct!K4:K23,"Scheduled") -> 0 | E12: =COUNTIF(Oct!K4:K23,"Drafting") -> 0 | F12: =COUNTIF(Oct!K4:K23,"Skipped") -> 0 | G12: =IFERROR(C12/B12,0) -> 0
A13: November | B13: =COUNTA(Nov!G4:G23) -> 0 | C13: =COUNTIF(Nov!K4:K23,"Published") -> 0 | D13: =COUNTIF(Nov!K4:K23,"Scheduled") -> 0 | E13: =COUNTIF(Nov!K4:K23,"Drafting") -> 0 | F13: =COUNTIF(Nov!K4:K23,"Skipped") -> 0 | G13: =IFERROR(C13/B13,0) -> 0
A14: December | B14: =COUNTA(Dec!G4:G23) -> 0 | C14: =COUNTIF(Dec!K4:K23,"Published") -> 0 | D14: =COUNTIF(Dec!K4:K23,"Scheduled") -> 0 | E14: =COUNTIF(Dec!K4:K23,"Drafting") -> 0 | F14: =COUNTIF(Dec!K4:K23,"Skipped") -> 0 | G14: =IFERROR(C14/B14,0) -> 0
A15: TOTAL | B15: =SUM(B3:B14) -> 0 | C15: =SUM(C3:C14) -> 0 | D15: =SUM(D3:D14) -> 0 | E15: =SUM(E3:E14) -> 0 | F15: =SUM(F3:F14) -> 0 | G15: =IFERROR(C15/B15,0) -> 0
