Workbook

Sheet Dashboard
A1: CUSTOMER SEGMENTATION ANALYSIS | RFM MODEL
A2: [Client Name] | [Data Period] | [XX,XXX] Customers Analyzed | Prepared by: Carlos M.
A4: SEGMENT COLOR LEGEND
A5: Champions | B5: Loyal Customers | C5: Potential Loyalists | D5: At Risk | E5: Cannot Lose Them | F5: New Customers | G5: Hibernating | H5: Lost
A7: PORTFOLIO SNAPSHOT
A8: Total Customers | B8: Active (90d) | C8: Total Revenue | D8: Avg LTV | E8: Avg Order Value | F8: Champions % | G8: At Risk % | H8: Revenue: Top 2 Segs
A9: 16600 | B9: =IFERROR((B13+C13+F13)/A9,0) -> 0.18434185 | C9: =IFERROR(SUM('Segment Data'!D3:D10),0) -> 801000 | D9: =IFERROR(C9/A9,0) -> 48.253012 | E9: 218 | F9: =IFERROR(B13/A9,0) -> 0.074698795 | G9: =IFERROR(E13/A9,0) -> 2.1434051e-05 | H9: =IFERROR((D13+D14)/C9,0) -> 0.60299625
A11: SEGMENT SUMMARY
A12: Segment | B12: Customers | C12: % of Base | D12: Revenue ($) | E12: % of Revenue | F12: Avg LTV ($) | G12: Avg Order ($) | H12: Churn Risk | I12: Priority
A13: Champions | B13: 1240 | C13: =IFERROR(B13/Dashboard!A9,0) -> 0.074698795 | D13: 285000 | E13: =IFERROR(D13/Dashboard!C9,0) -> 0.35580524 | F13: 1820 | G13: 312 | H13: Very Low | I13: Retain
A14: Loyal Customers | B14: 2180 | C14: =IFERROR(B14/Dashboard!A9,0) -> 0.1313253 | D14: 198000 | E14: =IFERROR(D14/Dashboard!C9,0) -> 0.24719101 | F14: 742 | G14: 248 | H14: Low | I14: Upsell
A15: Potential Loyalists | B15: 3420 | C15: =IFERROR(B15/Dashboard!A9,0) -> 0.2060241 | D15: 92000 | E15: =IFERROR(D15/Dashboard!C9,0) -> 0.11485643 | F15: 312 | G15: 198 | H15: Medium | I15: Nurture
A16: At Risk | B16: 1890 | C16: =IFERROR(B16/Dashboard!A9,0) -> 0.11385542 | D16: 84000 | E16: =IFERROR(D16/Dashboard!C9,0) -> 0.10486891 | F16: 418 | G16: 221 | H16: High | I16: Win-Back
A17: Cannot Lose Them | B17: 312 | C17: =IFERROR(B17/Dashboard!A9,0) -> 0.018795181 | D17: 68000 | E17: =IFERROR(D17/Dashboard!C9,0) -> 0.084893883 | F17: 1840 | G17: 298 | H17: Critical | I17: Urgent
A18: New Customers | B18: 2640 | C18: =IFERROR(B18/Dashboard!A9,0) -> 0.15903614 | D18: 48000 | E18: =IFERROR(D18/Dashboard!C9,0) -> 0.059925094 | F18: 214 | G18: 182 | H18: Medium | I18: Onboard
A19: Hibernating | B19: 3180 | C19: =IFERROR(B19/Dashboard!A9,0) -> 0.19156627 | D19: 18000 | E19: =IFERROR(D19/Dashboard!C9,0) -> 0.02247191 | F19: 82 | G19: 64 | H19: Very High | I19: Suppress
A20: Lost | B20: 2740 | C20: =IFERROR(B20/Dashboard!A9,0) -> 0.16506024 | D20: 8000 | E20: =IFERROR(D20/Dashboard!C9,0) -> 0.0099875156 | F20: 42 | G20: 42 | H20: Churned | I20: Suppress
A21: TOTAL | C21: =SUM(B13:B20) -> 17602 | D21: =SUM(C13:C20) -> 1.0603614 | E21: =SUM(D13:D20) -> 801000 | F21: =SUM(E13:E20) -> 1 | G21: =IFERROR(D21/B21,0) -> 0
A25: Carlos M. | Marketing Analytics Specialist | M.S. Marketing Analytics | carlosamunoz.com

Sheet Segment Data
A1: SEGMENT DATA | Source for Dashboard calculations
A2: Segment | B2: Customers | C2: % of Base | D2: Revenue | E2: % Revenue | F2: Avg LTV | G2: Avg Order | H2: RFM Score Range
A3: Champions | B3: 1240 | C3: =B3/SUM(B2:B9) -> 0.083434262 | D3: 285000 | E3: =D3/SUM(D2:D9) -> 0.3593947 | F3: 1820 | G3: 312 | H3: 4-5, 4-5, 4-5
A4: Loyal Customers | B4: 2180 | C4: =B4/SUM(B2:B9) -> 0.14668282 | D4: 198000 | E4: =D4/SUM(D2:D9) -> 0.24968474 | F4: 742 | G4: 248 | H4: 2-5, 3-5, 3-5
A5: Potential Loyalists | B5: 3420 | C5: =B5/SUM(B2:B9) -> 0.23011708 | D5: 92000 | E5: =D5/SUM(D2:D9) -> 0.11601513 | F5: 312 | G5: 198 | H5: 3-5, 1-3, 1-3
A6: At Risk | B6: 1890 | C6: =B6/SUM(B2:B9) -> 0.12716996 | D6: 84000 | E6: =D6/SUM(D2:D9) -> 0.10592686 | F6: 418 | G6: 221 | H6: 2-3, 2-5, 2-5
A7: Cannot Lose Them | B7: 312 | C7: =B7/SUM(B2:B9) -> 0.020993137 | D7: 68000 | E7: =D7/SUM(D2:D9) -> 0.085750315 | F7: 1840 | G7: 298 | H7: 1-2, 4-5, 4-5
A8: New Customers | B8: 2640 | C8: =B8/SUM(B2:B9) -> 0.17763423 | D8: 48000 | E8: =D8/SUM(D2:D9) -> 0.060529634 | F8: 214 | G8: 182 | H8: 4-5, 1, 1-3
A9: Hibernating | B9: 3180 | C9: =B9/SUM(B2:B9) -> 0.21396851 | D9: 18000 | E9: =D9/SUM(D2:D9) -> 0.022698613 | F9: 82 | G9: 64 | H9: 1-2, 1-2, 1-3
A10: Lost | B10: 2740 | C10: =B10/SUM(B2:B9) -> 0.1843628 | D10: 8000 | E10: =D10/SUM(D2:D9) -> 0.010088272 | F10: 42 | G10: 42 | H10: 1, 1, 1

Sheet RFM Scoring
A1: RFM SCORING FRAMEWORK
A2: Dimension Definitions
A3: Dimension | B3: Measures | C3: Metric | D3: Score 5 (Best) | E3: Score 4 | F3: Score 3 | G3: Score 2 | H3: Score 1 (Worst)
A4: Recency (R) | B4: How recently did the customer purchase? Recent buyers are more engaged and more likely to respond to outreach. | C4: Days since last purchase | D4: 0-30 days | E4: 31-60 days | F4: 61-90 days | G4: 91-180 days | H4: 180+ days
A5: Frequency (F) | B5: How often does the customer purchase? High-frequency buyers demonstrate habitual loyalty and are cheaper to retain. | C5: Number of orders | D5: 5+ orders | E5: 4 orders | F5: 3 orders | G5: 2 orders | H5: 1 order
A6: Monetary (M) | B6: How much has the customer spent in total? High spenders respond to premium offers and have higher switching costs. | C6: Total lifetime spend | D6: $1,000+ | E6: $500-$999 | F6: $250-$499 | G6: $100-$249 | H6: Under $100
A9: Segment Assignment Matrix
A10: Segment | B10: R Score | C10: F Score | D10: M Score | E10: Combined Label
A11: Champions | B11: 4-5 | C11: 4-5 | D11: 4-5 | E11: High Value. High Frequency. Recent.
A12: Loyal Customers | B12: 2-5 | C12: 3-5 | D12: 3-5 | E12: Regular buyers. Good spend. Stable.
A13: Potential Loyalists | B13: 3-5 | C13: 1-3 | D13: 1-3 | E13: Recent. Low frequency. High upside.
A14: At Risk | B14: 2-3 | C14: 2-5 | D14: 2-5 | E14: Were active. Recency dropping.
A15: Cannot Lose Them | B15: 1-2 | C15: 4-5 | D15: 4-5 | E15: High historical value. Gone quiet.
A16: New Customers | B16: 4-5 | C16: 1 | D16: 1-3 | E16: First purchase. No pattern yet.
A17: Hibernating | B17: 1-2 | C17: 1-2 | D17: 1-3 | E17: Low on all dimensions.
A18: Lost | B18: 1 | C18: 1 | D18: 1 | E18: Lowest on all dimensions.
A22: Carlos M. | Marketing Analytics Specialist | M.S. Marketing Analytics | carlosamunoz.com

Sheet Activation Roadmap
A1: SEGMENT ACTIVATION ROADMAP
A3: Priority | B3: Segment | C3: Campaign Type | D3: Channel | E3: Message Angle | F3: Timing | G3: KPI to Watch
A4: 1 | B4: Cannot Lose Them | C4: Personal win-back | D4: Email + Direct | E4: We have missed you. Here is what has changed since your last visit. | F4: Immediate | G4: Win-back rate
A5: 2 | B5: At Risk | C5: Re-engagement | D5: Email + Paid Retargeting | E5: Time-limited offer tied to last purchase category. | F5: Within 7 days | G5: Re-engagement rate
A6: 3 | B6: Champions | C6: VIP retention | D6: Email + SMS | E6: Exclusive early access. You are one of our most valued customers. | F6: Monthly | G6: Retention rate
A7: 4 | B7: Loyal Customers | C7: Upsell / cross-sell | D7: Email | E7: Customers with your purchase history tend to love these additions. | F7: Bi-weekly | G7: AOV lift
A8: 5 | B8: New Customers | C8: Onboarding sequence | D8: Email (triggered) | E8: Welcome + second-purchase nudge at day 7. | F8: Triggered at signup | G8: 2nd purchase rate
A9: 6 | B9: Potential Loyalists | C9: Nurture | D9: Email + Retargeting | E9: Social proof, reviews, product education. | F9: Weekly | G9: Purchase frequency
A10: 7 | B10: Hibernating | C10: Low-cost broadcast | D10: Email | E10: Seasonal or clearance only. | F10: Quarterly | G10: Response rate
A11: 8 | B11: Lost | C11: Suppress | D11: Exclude from active lists | E11: No active messaging. | F11: Annual review only | G11: N/A
A16: Carlos M. | Marketing Analytics Specialist | M.S. Marketing Analytics | carlosamunoz.com

Sheet Sample Raw Data
A1: SAMPLE RAW DATA | Replace with actual customer data
A2: Customer ID | B2: Last Purchase Date | C2: Days Since Purchase | D2: Total Orders | E2: Total Spend ($) | F2: R Score | G2: F Score | H2: M Score
A3: CUST-001 | B3: 2025-06-18 | C3: 12 | D3: 8 | E3: 1850 | F3: 5 | G3: 5 | H3: 5
A4: CUST-002 | B4: 2024-09-23 | C4: 280 | D4: 1 | E4: 42 | F4: 1 | G4: 1 | H4: 1
A5: CUST-003 | B5: 2025-06-25 | C5: 5 | D5: 6 | E5: 1200 | F5: 5 | G5: 5 | H5: 5
A6: CUST-004 | B6: 2025-03-27 | C6: 95 | D6: 3 | E6: 380 | F6: 2 | G6: 3 | H6: 3
A7: CUST-005 | B7: 2025-05-16 | C7: 45 | D7: 5 | E7: 720 | F7: 4 | G7: 5 | H7: 4
A8: CUST-006 | B8: 2025-06-22 | C8: 8 | D8: 4 | E8: 950 | F8: 5 | G8: 4 | H8: 4
A9: CUST-007 | B9: 2024-12-27 | C9: 185 | D9: 7 | E9: 1640 | F9: 1 | G9: 5 | H9: 5
A10: CUST-008 | B10: 2025-06-27 | C10: 3 | D10: 1 | E10: 95 | F10: 5 | G10: 1 | H10: 1
A11: CUST-009 | B11: 2025-04-29 | C11: 62 | D11: 2 | E11: 210 | F11: 3 | G11: 2 | H11: 2
A12: CUST-010 | B12: 2025-06-08 | C12: 22 | D12: 9 | E12: 2100 | F12: 5 | G12: 5 | H12: 5
A16: Carlos M. | Marketing Analytics Specialist | M.S. Marketing Analytics | carlosamunoz.com
