Workbook

Sheet Session Log
A1: ADVISOR HOURS & SESSION LOG | NorCal SBDC
A2: Advisor Name: | E2: Year: | G2: SBDC Center: | H2: NorCal SBDC / Cal Poly Humboldt | J2: Goal Hrs/Mo: | K2: 0
A3: # | B3: Date | C3: Client Name | D3: Business Name | E3: Session Type | F3: Topic(s) | G3: Duration (hrs) | H3: Neoserra Logged? | I3: Outcome | J3: Follow-Up Date | K3: Notes
A4: 1 | G4: 0 | H4: No
A5: 2 | G5: 0 | H5: No
A6: 3 | G6: 0 | H6: No
A7: 4 | G7: 0 | H7: No
A8: 5 | G8: 0 | H8: No
A9: 6 | G9: 0 | H9: No
A10: 7 | G10: 0 | H10: No
A11: 8 | G11: 0 | H11: No
A12: 9 | G12: 0 | H12: No
A13: 10 | G13: 0 | H13: No
A14: 11 | G14: 0 | H14: No
A15: 12 | G15: 0 | H15: No
... A53: 50 | G53: 0 | H53: No
A54: TOTAL HOURS LOGGED | G54: =SUM(G4:G53) -> 0 | H54: =CONCATENATE(COUNTIF(H4:H53,"Yes")," of ",COUNTA(C4:C53)," sessions logged in Neoserra") -> 0 of 0 sessions logged in Neoserra

Sheet Monthly Summary
A1: MONTHLY HOURS SUMMARY | NorCal SBDC
A2: Advisor: | C2: ='Session Log'!C2 -> 0 | E2: Monthly Goal (hrs): | F2: ='Session Log'!K2 -> 0
A3: Month | B3: Sessions | C3: Total Hrs | D3: Avg Hrs/Session | E3: Goal (hrs) | F3: vs Goal | G3: % of Goal | H3: Status
A4: Jan | B4: =SUMPRODUCT((MONTH('Session Log'!B4:B53)=1)*(YEAR('Session Log'!B4:B53)='Session Log'!F2)*('Session Log'!C4:C53<>"")) -> 0 | C4: =SUMPRODUCT((MONTH('Session Log'!B4:B53)=1)*(YEAR('Session Log'!B4:B53)='Session Log'!F2)*('Session Log'!G4:G53)) -> 0 | D4: =IFERROR(C4/B4,"-") -> - | E4: ='Session Log'!K2 -> 0 | F4: =IFERROR(C4-E4,"-") -> 0 | G4: =IFERROR(C4/E4,0) -> 0 | H4: =IF(B4=0,"No Sessions",IF(G4>=1,"On Track ✅",IF(G4>=0.75,"Close 🔧","Below Goal 🚨"))) -> No Sessions
A5: Feb | B5: =SUMPRODUCT((MONTH('Session Log'!B4:B53)=2)*(YEAR('Session Log'!B4:B53)='Session Log'!F2)*('Session Log'!C4:C53<>"")) -> 0 | C5: =SUMPRODUCT((MONTH('Session Log'!B4:B53)=2)*(YEAR('Session Log'!B4:B53)='Session Log'!F2)*('Session Log'!G4:G53)) -> 0 | D5: =IFERROR(C5/B5,"-") -> - | E5: ='Session Log'!K2 -> 0 | F5: =IFERROR(C5-E5,"-") -> 0 | G5: =IFERROR(C5/E5,0) -> 0 | H5: =IF(B5=0,"No Sessions",IF(G5>=1,"On Track ✅",IF(G5>=0.75,"Close 🔧","Below Goal 🚨"))) -> No Sessions
A6: Mar | B6: =SUMPRODUCT((MONTH('Session Log'!B4:B53)=3)*(YEAR('Session Log'!B4:B53)='Session Log'!F2)*('Session Log'!C4:C53<>"")) -> 0 | C6: =SUMPRODUCT((MONTH('Session Log'!B4:B53)=3)*(YEAR('Session Log'!B4:B53)='Session Log'!F2)*('Session Log'!G4:G53)) -> 0 | D6: =IFERROR(C6/B6,"-") -> - | E6: ='Session Log'!K2 -> 0 | F6: =IFERROR(C6-E6,"-") -> 0 | G6: =IFERROR(C6/E6,0) -> 0 | H6: =IF(B6=0,"No Sessions",IF(G6>=1,"On Track ✅",IF(G6>=0.75,"Close 🔧","Below Goal 🚨"))) -> No Sessions
A7: Apr | B7: =SUMPRODUCT((MONTH('Session Log'!B4:B53)=4)*(YEAR('Session Log'!B4:B53)='Session Log'!F2)*('Session Log'!C4:C53<>"")) -> 0 | C7: =SUMPRODUCT((MONTH('Session Log'!B4:B53)=4)*(YEAR('Session Log'!B4:B53)='Session Log'!F2)*('Session Log'!G4:G53)) -> 0 | D7: =IFERROR(C7/B7,"-") -> - | E7: ='Session Log'!K2 -> 0 | F7: =IFERROR(C7-E7,"-") -> 0 | G7: =IFERROR(C7/E7,0) -> 0 | H7: =IF(B7=0,"No Sessions",IF(G7>=1,"On Track ✅",IF(G7>=0.75,"Close 🔧","Below Goal 🚨"))) -> No Sessions
A8: May | B8: =SUMPRODUCT((MONTH('Session Log'!B4:B53)=5)*(YEAR('Session Log'!B4:B53)='Session Log'!F2)*('Session Log'!C4:C53<>"")) -> 0 | C8: =SUMPRODUCT((MONTH('Session Log'!B4:B53)=5)*(YEAR('Session Log'!B4:B53)='Session Log'!F2)*('Session Log'!G4:G53)) -> 0 | D8: =IFERROR(C8/B8,"-") -> - | E8: ='Session Log'!K2 -> 0 | F8: =IFERROR(C8-E8,"-") -> 0 | G8: =IFERROR(C8/E8,0) -> 0 | H8: =IF(B8=0,"No Sessions",IF(G8>=1,"On Track ✅",IF(G8>=0.75,"Close 🔧","Below Goal 🚨"))) -> No Sessions
A9: Jun | B9: =SUMPRODUCT((MONTH('Session Log'!B4:B53)=6)*(YEAR('Session Log'!B4:B53)='Session Log'!F2)*('Session Log'!C4:C53<>"")) -> 0 | C9: =SUMPRODUCT((MONTH('Session Log'!B4:B53)=6)*(YEAR('Session Log'!B4:B53)='Session Log'!F2)*('Session Log'!G4:G53)) -> 0 | D9: =IFERROR(C9/B9,"-") -> - | E9: ='Session Log'!K2 -> 0 | F9: =IFERROR(C9-E9,"-") -> 0 | G9: =IFERROR(C9/E9,0) -> 0 | H9: =IF(B9=0,"No Sessions",IF(G9>=1,"On Track ✅",IF(G9>=0.75,"Close 🔧","Below Goal 🚨"))) -> No Sessions
A10: Jul | B10: =SUMPRODUCT((MONTH('Session Log'!B4:B53)=7)*(YEAR('Session Log'!B4:B53)='Session Log'!F2)*('Session Log'!C4:C53<>"")) -> 0 | C10: =SUMPRODUCT((MONTH('Session Log'!B4:B53)=7)*(YEAR('Session Log'!B4:B53)='Session Log'!F2)*('Session Log'!G4:G53)) -> 0 | D10: =IFERROR(C10/B10,"-") -> - | E10: ='Session Log'!K2 -> 0 | F10: =IFERROR(C10-E10,"-") -> 0 | G10: =IFERROR(C10/E10,0) -> 0 | H10: =IF(B10=0,"No Sessions",IF(G10>=1,"On Track ✅",IF(G10>=0.75,"Close 🔧","Below Goal 🚨"))) -> No Sessions
A11: Aug | B11: =SUMPRODUCT((MONTH('Session Log'!B4:B53)=8)*(YEAR('Session Log'!B4:B53)='Session Log'!F2)*('Session Log'!C4:C53<>"")) -> 0 | C11: =SUMPRODUCT((MONTH('Session Log'!B4:B53)=8)*(YEAR('Session Log'!B4:B53)='Session Log'!F2)*('Session Log'!G4:G53)) -> 0 | D11: =IFERROR(C11/B11,"-") -> - | E11: ='Session Log'!K2 -> 0 | F11: =IFERROR(C11-E11,"-") -> 0 | G11: =IFERROR(C11/E11,0) -> 0 | H11: =IF(B11=0,"No Sessions",IF(G11>=1,"On Track ✅",IF(G11>=0.75,"Close 🔧","Below Goal 🚨"))) -> No Sessions
A12: Sep | B12: =SUMPRODUCT((MONTH('Session Log'!B4:B53)=9)*(YEAR('Session Log'!B4:B53)='Session Log'!F2)*('Session Log'!C4:C53<>"")) -> 0 | C12: =SUMPRODUCT((MONTH('Session Log'!B4:B53)=9)*(YEAR('Session Log'!B4:B53)='Session Log'!F2)*('Session Log'!G4:G53)) -> 0 | D12: =IFERROR(C12/B12,"-") -> - | E12: ='Session Log'!K2 -> 0 | F12: =IFERROR(C12-E12,"-") -> 0 | G12: =IFERROR(C12/E12,0) -> 0 | H12: =IF(B12=0,"No Sessions",IF(G12>=1,"On Track ✅",IF(G12>=0.75,"Close 🔧","Below Goal 🚨"))) -> No Sessions
A13: Oct | B13: =SUMPRODUCT((MONTH('Session Log'!B4:B53)=10)*(YEAR('Session Log'!B4:B53)='Session Log'!F2)*('Session Log'!C4:C53<>"")) -> 0 | C13: =SUMPRODUCT((MONTH('Session Log'!B4:B53)=10)*(YEAR('Session Log'!B4:B53)='Session Log'!F2)*('Session Log'!G4:G53)) -> 0 | D13: =IFERROR(C13/B13,"-") -> - | E13: ='Session Log'!K2 -> 0 | F13: =IFERROR(C13-E13,"-") -> 0 | G13: =IFERROR(C13/E13,0) -> 0 | H13: =IF(B13=0,"No Sessions",IF(G13>=1,"On Track ✅",IF(G13>=0.75,"Close 🔧","Below Goal 🚨"))) -> No Sessions
A14: Nov | B14: =SUMPRODUCT((MONTH('Session Log'!B4:B53)=11)*(YEAR('Session Log'!B4:B53)='Session Log'!F2)*('Session Log'!C4:C53<>"")) -> 0 | C14: =SUMPRODUCT((MONTH('Session Log'!B4:B53)=11)*(YEAR('Session Log'!B4:B53)='Session Log'!F2)*('Session Log'!G4:G53)) -> 0 | D14: =IFERROR(C14/B14,"-") -> - | E14: ='Session Log'!K2 -> 0 | F14: =IFERROR(C14-E14,"-") -> 0 | G14: =IFERROR(C14/E14,0) -> 0 | H14: =IF(B14=0,"No Sessions",IF(G14>=1,"On Track ✅",IF(G14>=0.75,"Close 🔧","Below Goal 🚨"))) -> No Sessions
A15: Dec | B15: =SUMPRODUCT((MONTH('Session Log'!B4:B53)=12)*(YEAR('Session Log'!B4:B53)='Session Log'!F2)*('Session Log'!C4:C53<>"")) -> 0 | C15: =SUMPRODUCT((MONTH('Session Log'!B4:B53)=12)*(YEAR('Session Log'!B4:B53)='Session Log'!F2)*('Session Log'!G4:G53)) -> 0 | D15: =IFERROR(C15/B15,"-") -> - | E15: ='Session Log'!K2 -> 0 | F15: =IFERROR(C15-E15,"-") -> 0 | G15: =IFERROR(C15/E15,0) -> 0 | H15: =IF(B15=0,"No Sessions",IF(G15>=1,"On Track ✅",IF(G15>=0.75,"Close 🔧","Below Goal 🚨"))) -> No Sessions
A16: FULL YEAR | B16: =SUM(B4:B15) -> 0 | C16: =SUM(C4:C15) -> 0 | D16: =IFERROR(C16/B16,"-") -> - | E16: =SUM(E4:E15) -> 0 | F16: =IFERROR(C16-E16,"-") -> 0 | G16: =IFERROR(C16/E16,0) -> 0 | H16: Year Total

Sheet Client Summary
A1: CLIENT HOURS SUMMARY | NorCal SBDC
A2: Enter client names below to see total hours per client. Names must match Session Log exactly.
A3: # | B3: Client Name | C3: Business Name | D3: Sessions | E3: Total Hrs | F3: Last Session | G3: Most Recent Topic
A4: 1 | D4: =IFERROR(COUNTIF('Session Log'!C4:C53,B4),"-") -> 0 | E4: =IFERROR(SUMIF('Session Log'!C4:C53,B4,'Session Log'!G4:G53),"-") -> 0 | F4: =IFERROR(maxifs('Session Log'!B4:B53,'Session Log'!C4:C53,B4),"-") -> - | G4: =IFERROR(INDEX('Session Log'!F4:F53,MATCH(maxifs('Session Log'!B4:B53,'Session Log'!C4:C53,B4),'Session Log'!B4:B53,0)),"-") -> -
A5: 2 | D5: =IFERROR(COUNTIF('Session Log'!C4:C53,B5),"-") -> 0 | E5: =IFERROR(SUMIF('Session Log'!C4:C53,B5,'Session Log'!G4:G53),"-") -> 0 | F5: =IFERROR(maxifs('Session Log'!B4:B53,'Session Log'!C4:C53,B5),"-") -> - | G5: =IFERROR(INDEX('Session Log'!F4:F53,MATCH(maxifs('Session Log'!B4:B53,'Session Log'!C4:C53,B5),'Session Log'!B4:B53,0)),"-") -> -
A6: 3 | D6: =IFERROR(COUNTIF('Session Log'!C4:C53,B6),"-") -> 0 | E6: =IFERROR(SUMIF('Session Log'!C4:C53,B6,'Session Log'!G4:G53),"-") -> 0 | F6: =IFERROR(maxifs('Session Log'!B4:B53,'Session Log'!C4:C53,B6),"-") -> - | G6: =IFERROR(INDEX('Session Log'!F4:F53,MATCH(maxifs('Session Log'!B4:B53,'Session Log'!C4:C53,B6),'Session Log'!B4:B53,0)),"-") -> -
A7: 4 | D7: =IFERROR(COUNTIF('Session Log'!C4:C53,B7),"-") -> 0 | E7: =IFERROR(SUMIF('Session Log'!C4:C53,B7,'Session Log'!G4:G53),"-") -> 0 | F7: =IFERROR(maxifs('Session Log'!B4:B53,'Session Log'!C4:C53,B7),"-") -> - | G7: =IFERROR(INDEX('Session Log'!F4:F53,MATCH(maxifs('Session Log'!B4:B53,'Session Log'!C4:C53,B7),'Session Log'!B4:B53,0)),"-") -> -
A8: 5 | D8: =IFERROR(COUNTIF('Session Log'!C4:C53,B8),"-") -> 0 | E8: =IFERROR(SUMIF('Session Log'!C4:C53,B8,'Session Log'!G4:G53),"-") -> 0 | F8: =IFERROR(maxifs('Session Log'!B4:B53,'Session Log'!C4:C53,B8),"-") -> - | G8: =IFERROR(INDEX('Session Log'!F4:F53,MATCH(maxifs('Session Log'!B4:B53,'Session Log'!C4:C53,B8),'Session Log'!B4:B53,0)),"-") -> -
A9: 6 | D9: =IFERROR(COUNTIF('Session Log'!C4:C53,B9),"-") -> 0 | E9: =IFERROR(SUMIF('Session Log'!C4:C53,B9,'Session Log'!G4:G53),"-") -> 0 | F9: =IFERROR(maxifs('Session Log'!B4:B53,'Session Log'!C4:C53,B9),"-") -> - | G9: =IFERROR(INDEX('Session Log'!F4:F53,MATCH(maxifs('Session Log'!B4:B53,'Session Log'!C4:C53,B9),'Session Log'!B4:B53,0)),"-") -> -
A10: 7 | D10: =IFERROR(COUNTIF('Session Log'!C4:C53,B10),"-") -> 0 | E10: =IFERROR(SUMIF('Session Log'!C4:C53,B10,'Session Log'!G4:G53),"-") -> 0 | F10: =IFERROR(maxifs('Session Log'!B4:B53,'Session Log'!C4:C53,B10),"-") -> - | G10: =IFERROR(INDEX('Session Log'!F4:F53,MATCH(maxifs('Session Log'!B4:B53,'Session Log'!C4:C53,B10),'Session Log'!B4:B53,0)),"-") -> -
A11: 8 | D11: =IFERROR(COUNTIF('Session Log'!C4:C53,B11),"-") -> 0 | E11: =IFERROR(SUMIF('Session Log'!C4:C53,B11,'Session Log'!G4:G53),"-") -> 0 | F11: =IFERROR(maxifs('Session Log'!B4:B53,'Session Log'!C4:C53,B11),"-") -> - | G11: =IFERROR(INDEX('Session Log'!F4:F53,MATCH(maxifs('Session Log'!B4:B53,'Session Log'!C4:C53,B11),'Session Log'!B4:B53,0)),"-") -> -
A12: 9 | D12: =IFERROR(COUNTIF('Session Log'!C4:C53,B12),"-") -> 0 | E12: =IFERROR(SUMIF('Session Log'!C4:C53,B12,'Session Log'!G4:G53),"-") -> 0 | F12: =IFERROR(maxifs('Session Log'!B4:B53,'Session Log'!C4:C53,B12),"-") -> - | G12: =IFERROR(INDEX('Session Log'!F4:F53,MATCH(maxifs('Session Log'!B4:B53,'Session Log'!C4:C53,B12),'Session Log'!B4:B53,0)),"-") -> -
A13: 10 | D13: =IFERROR(COUNTIF('Session Log'!C4:C53,B13),"-") -> 0 | E13: =IFERROR(SUMIF('Session Log'!C4:C53,B13,'Session Log'!G4:G53),"-") -> 0 | F13: =IFERROR(maxifs('Session Log'!B4:B53,'Session Log'!C4:C53,B13),"-") -> - | G13: =IFERROR(INDEX('Session Log'!F4:F53,MATCH(maxifs('Session Log'!B4:B53,'Session Log'!C4:C53,B13),'Session Log'!B4:B53,0)),"-") -> -
A14: 11 | D14: =IFERROR(COUNTIF('Session Log'!C4:C53,B14),"-") -> 0 | E14: =IFERROR(SUMIF('Session Log'!C4:C53,B14,'Session Log'!G4:G53),"-") -> 0 | F14: =IFERROR(maxifs('Session Log'!B4:B53,'Session Log'!C4:C53,B14),"-") -> - | G14: =IFERROR(INDEX('Session Log'!F4:F53,MATCH(maxifs('Session Log'!B4:B53,'Session Log'!C4:C53,B14),'Session Log'!B4:B53,0)),"-") -> -
A15: 12 | D15: =IFERROR(COUNTIF('Session Log'!C4:C53,B15),"-") -> 0 | E15: =IFERROR(SUMIF('Session Log'!C4:C53,B15,'Session Log'!G4:G53),"-") -> 0 | F15: =IFERROR(maxifs('Session Log'!B4:B53,'Session Log'!C4:C53,B15),"-") -> - | G15: =IFERROR(INDEX('Session Log'!F4:F53,MATCH(maxifs('Session Log'!B4:B53,'Session Log'!C4:C53,B15),'Session Log'!B4:B53,0)),"-") -> -
A16: 13 | D16: =IFERROR(COUNTIF('Session Log'!C4:C53,B16),"-") -> 0 | E16: =IFERROR(SUMIF('Session Log'!C4:C53,B16,'Session Log'!G4:G53),"-") -> 0 | F16: =IFERROR(maxifs('Session Log'!B4:B53,'Session Log'!C4:C53,B16),"-") -> - | G16: =IFERROR(INDEX('Session Log'!F4:F53,MATCH(maxifs('Session Log'!B4:B53,'Session Log'!C4:C53,B16),'Session Log'!B4:B53,0)),"-") -> -
A17: 14 | D17: =IFERROR(COUNTIF('Session Log'!C4:C53,B17),"-") -> 0 | E17: =IFERROR(SUMIF('Session Log'!C4:C53,B17,'Session Log'!G4:G53),"-") -> 0 | F17: =IFERROR(maxifs('Session Log'!B4:B53,'Session Log'!C4:C53,B17),"-") -> - | G17: =IFERROR(INDEX('Session Log'!F4:F53,MATCH(maxifs('Session Log'!B4:B53,'Session Log'!C4:C53,B17),'Session Log'!B4:B53,0)),"-") -> -
A18: 15 | D18: =IFERROR(COUNTIF('Session Log'!C4:C53,B18),"-") -> 0 | E18: =IFERROR(SUMIF('Session Log'!C4:C53,B18,'Session Log'!G4:G53),"-") -> 0 | F18: =IFERROR(maxifs('Session Log'!B4:B53,'Session Log'!C4:C53,B18),"-") -> - | G18: =IFERROR(INDEX('Session Log'!F4:F53,MATCH(maxifs('Session Log'!B4:B53,'Session Log'!C4:C53,B18),'Session Log'!B4:B53,0)),"-") -> -
A19: 16 | D19: =IFERROR(COUNTIF('Session Log'!C4:C53,B19),"-") -> 0 | E19: =IFERROR(SUMIF('Session Log'!C4:C53,B19,'Session Log'!G4:G53),"-") -> 0 | F19: =IFERROR(maxifs('Session Log'!B4:B53,'Session Log'!C4:C53,B19),"-") -> - | G19: =IFERROR(INDEX('Session Log'!F4:F53,MATCH(maxifs('Session Log'!B4:B53,'Session Log'!C4:C53,B19),'Session Log'!B4:B53,0)),"-") -> -
A20: 17 | D20: =IFERROR(COUNTIF('Session Log'!C4:C53,B20),"-") -> 0 | E20: =IFERROR(SUMIF('Session Log'!C4:C53,B20,'Session Log'!G4:G53),"-") -> 0 | F20: =IFERROR(maxifs('Session Log'!B4:B53,'Session Log'!C4:C53,B20),"-") -> - | G20: =IFERROR(INDEX('Session Log'!F4:F53,MATCH(maxifs('Session Log'!B4:B53,'Session Log'!C4:C53,B20),'Session Log'!B4:B53,0)),"-") -> -
A21: 18 | D21: =IFERROR(COUNTIF('Session Log'!C4:C53,B21),"-") -> 0 | E21: =IFERROR(SUMIF('Session Log'!C4:C53,B21,'Session Log'!G4:G53),"-") -> 0 | F21: =IFERROR(maxifs('Session Log'!B4:B53,'Session Log'!C4:C53,B21),"-") -> - | G21: =IFERROR(INDEX('Session Log'!F4:F53,MATCH(maxifs('Session Log'!B4:B53,'Session Log'!C4:C53,B21),'Session Log'!B4:B53,0)),"-") -> -
A22: 19 | D22: =IFERROR(COUNTIF('Session Log'!C4:C53,B22),"-") -> 0 | E22: =IFERROR(SUMIF('Session Log'!C4:C53,B22,'Session Log'!G4:G53),"-") -> 0 | F22: =IFERROR(maxifs('Session Log'!B4:B53,'Session Log'!C4:C53,B22),"-") -> - | G22: =IFERROR(INDEX('Session Log'!F4:F53,MATCH(maxifs('Session Log'!B4:B53,'Session Log'!C4:C53,B22),'Session Log'!B4:B53,0)),"-") -> -
A23: 20 | D23: =IFERROR(COUNTIF('Session Log'!C4:C53,B23),"-") -> 0 | E23: =IFERROR(SUMIF('Session Log'!C4:C53,B23,'Session Log'!G4:G53),"-") -> 0 | F23: =IFERROR(maxifs('Session Log'!B4:B53,'Session Log'!C4:C53,B23),"-") -> - | G23: =IFERROR(INDEX('Session Log'!F4:F53,MATCH(maxifs('Session Log'!B4:B53,'Session Log'!C4:C53,B23),'Session Log'!B4:B53,0)),"-") -> -
A24: 21 | D24: =IFERROR(COUNTIF('Session Log'!C4:C53,B24),"-") -> 0 | E24: =IFERROR(SUMIF('Session Log'!C4:C53,B24,'Session Log'!G4:G53),"-") -> 0 | F24: =IFERROR(maxifs('Session Log'!B4:B53,'Session Log'!C4:C53,B24),"-") -> - | G24: =IFERROR(INDEX('Session Log'!F4:F53,MATCH(maxifs('Session Log'!B4:B53,'Session Log'!C4:C53,B24),'Session Log'!B4:B53,0)),"-") -> -
A25: 22 | D25: =IFERROR(COUNTIF('Session Log'!C4:C53,B25),"-") -> 0 | E25: =IFERROR(SUMIF('Session Log'!C4:C53,B25,'Session Log'!G4:G53),"-") -> 0 | F25: =IFERROR(maxifs('Session Log'!B4:B53,'Session Log'!C4:C53,B25),"-") -> - | G25: =IFERROR(INDEX('Session Log'!F4:F53,MATCH(maxifs('Session Log'!B4:B53,'Session Log'!C4:C53,B25),'Session Log'!B4:B53,0)),"-") -> -
A26: 23 | D26: =IFERROR(COUNTIF('Session Log'!C4:C53,B26),"-") -> 0 | E26: =IFERROR(SUMIF('Session Log'!C4:C53,B26,'Session Log'!G4:G53),"-") -> 0 | F26: =IFERROR(maxifs('Session Log'!B4:B53,'Session Log'!C4:C53,B26),"-") -> - | G26: =IFERROR(INDEX('Session Log'!F4:F53,MATCH(maxifs('Session Log'!B4:B53,'Session Log'!C4:C53,B26),'Session Log'!B4:B53,0)),"-") -> -
A27: 24 | D27: =IFERROR(COUNTIF('Session Log'!C4:C53,B27),"-") -> 0 | E27: =IFERROR(SUMIF('Session Log'!C4:C53,B27,'Session Log'!G4:G53),"-") -> 0 | F27: =IFERROR(maxifs('Session Log'!B4:B53,'Session Log'!C4:C53,B27),"-") -> - | G27: =IFERROR(INDEX('Session Log'!F4:F53,MATCH(maxifs('Session Log'!B4:B53,'Session Log'!C4:C53,B27),'Session Log'!B4:B53,0)),"-") -> -
A28: 25 | D28: =IFERROR(COUNTIF('Session Log'!C4:C53,B28),"-") -> 0 | E28: =IFERROR(SUMIF('Session Log'!C4:C53,B28,'Session Log'!G4:G53),"-") -> 0 | F28: =IFERROR(maxifs('Session Log'!B4:B53,'Session Log'!C4:C53,B28),"-") -> - | G28: =IFERROR(INDEX('Session Log'!F4:F53,MATCH(maxifs('Session Log'!B4:B53,'Session Log'!C4:C53,B28),'Session Log'!B4:B53,0)),"-") -> -
A29: 26 | D29: =IFERROR(COUNTIF('Session Log'!C4:C53,B29),"-") -> 0 | E29: =IFERROR(SUMIF('Session Log'!C4:C53,B29,'Session Log'!G4:G53),"-") -> 0 | F29: =IFERROR(maxifs('Session Log'!B4:B53,'Session Log'!C4:C53,B29),"-") -> - | G29: =IFERROR(INDEX('Session Log'!F4:F53,MATCH(maxifs('Session Log'!B4:B53,'Session Log'!C4:C53,B29),'Session Log'!B4:B53,0)),"-") -> -
A30: 27 | D30: =IFERROR(COUNTIF('Session Log'!C4:C53,B30),"-") -> 0 | E30: =IFERROR(SUMIF('Session Log'!C4:C53,B30,'Session Log'!G4:G53),"-") -> 0 | F30: =IFERROR(maxifs('Session Log'!B4:B53,'Session Log'!C4:C53,B30),"-") -> - | G30: =IFERROR(INDEX('Session Log'!F4:F53,MATCH(maxifs('Session Log'!B4:B53,'Session Log'!C4:C53,B30),'Session Log'!B4:B53,0)),"-") -> -
A31: 28 | D31: =IFERROR(COUNTIF('Session Log'!C4:C53,B31),"-") -> 0 | E31: =IFERROR(SUMIF('Session Log'!C4:C53,B31,'Session Log'!G4:G53),"-") -> 0 | F31: =IFERROR(maxifs('Session Log'!B4:B53,'Session Log'!C4:C53,B31),"-") -> - | G31: =IFERROR(INDEX('Session Log'!F4:F53,MATCH(maxifs('Session Log'!B4:B53,'Session Log'!C4:C53,B31),'Session Log'!B4:B53,0)),"-") -> -
A32: 29 | D32: =IFERROR(COUNTIF('Session Log'!C4:C53,B32),"-") -> 0 | E32: =IFERROR(SUMIF('Session Log'!C4:C53,B32,'Session Log'!G4:G53),"-") -> 0 | F32: =IFERROR(maxifs('Session Log'!B4:B53,'Session Log'!C4:C53,B32),"-") -> - | G32: =IFERROR(INDEX('Session Log'!F4:F53,MATCH(maxifs('Session Log'!B4:B53,'Session Log'!C4:C53,B32),'Session Log'!B4:B53,0)),"-") -> -
A33: 30 | D33: =IFERROR(COUNTIF('Session Log'!C4:C53,B33),"-") -> 0 | E33: =IFERROR(SUMIF('Session Log'!C4:C53,B33,'Session Log'!G4:G53),"-") -> 0 | F33: =IFERROR(maxifs('Session Log'!B4:B53,'Session Log'!C4:C53,B33),"-") -> - | G33: =IFERROR(INDEX('Session Log'!F4:F53,MATCH(maxifs('Session Log'!B4:B53,'Session Log'!C4:C53,B33),'Session Log'!B4:B53,0)),"-") -> -
A34: TOTALS | D34: =SUM(D4:D33) -> 0 | E34: =SUM(E4:E33) -> 0 | F34: Total across all clients
