Workbook

Sheet Monthly Budget
A1: MARKETING BUDGET PLANNER | NorCal SBDC
A2: Client / Business: | E2: Advisor: | H2: Period: | I2: Monthly | K2: TOTAL BUDGET ($): | L2: 0
A3: Channel / Line Item | B3: Budgeted ($) | C3: Actual Spent ($) | D3: Variance ($) | E3: % of Total Budget | F3: Impressions | G3: Clicks / Reach | H3: Leads / Conv. | I3: Cost Per Lead ($) | J3: Revenue Attr. ($) | K3: ROAS / ROI | L3: Notes
A4: ORGANIC / OWNED
A5: SEO & Content Creation | B5: 0 | C5: 0 | D5: =B5-C5 -> 0 | E5: =IFERROR(B5/L2,0) -> 0 | F5: 0 | G5: 0 | H5: 0 | I5: =IFERROR(C5/H5,0) -> 0 | J5: 0 | K5: =IFERROR(J5/C5,0) -> 0
A6: Email Marketing | B6: 0 | C6: 0 | D6: =B6-C6 -> 0 | E6: =IFERROR(B6/L2,0) -> 0 | F6: 0 | G6: 0 | H6: 0 | I6: =IFERROR(C6/H6,0) -> 0 | J6: 0 | K6: =IFERROR(J6/C6,0) -> 0
A7: Social Media (Organic) | B7: 0 | C7: 0 | D7: =B7-C7 -> 0 | E7: =IFERROR(B7/L2,0) -> 0 | F7: 0 | G7: 0 | H7: 0 | I7: =IFERROR(C7/H7,0) -> 0 | J7: 0 | K7: =IFERROR(J7/C7,0) -> 0
A8: Website Maintenance / Hosting | B8: 0 | C8: 0 | D8: =B8-C8 -> 0 | E8: =IFERROR(B8/L2,0) -> 0 | F8: 0 | G8: 0 | H8: 0 | I8: =IFERROR(C8/H8,0) -> 0 | J8: 0 | K8: =IFERROR(J8/C8,0) -> 0
A9: Photography / Video | B9: 0 | C9: 0 | D9: =B9-C9 -> 0 | E9: =IFERROR(B9/L2,0) -> 0 | F9: 0 | G9: 0 | H9: 0 | I9: =IFERROR(C9/H9,0) -> 0 | J9: 0 | K9: =IFERROR(J9/C9,0) -> 0
A10: Copywriting / Design | B10: 0 | C10: 0 | D10: =B10-C10 -> 0 | E10: =IFERROR(B10/L2,0) -> 0 | F10: 0 | G10: 0 | H10: 0 | I10: =IFERROR(C10/H10,0) -> 0 | J10: 0 | K10: =IFERROR(J10/C10,0) -> 0
A11: Tools & Software (Canva, Mailchimp, etc.) | B11: 0 | C11: 0 | D11: =B11-C11 -> 0 | E11: =IFERROR(B11/L2,0) -> 0 | F11: 0 | G11: 0 | H11: 0 | I11: =IFERROR(C11/H11,0) -> 0 | J11: 0 | K11: =IFERROR(J11/C11,0) -> 0
A12: ORGANIC / OWNED — Subtotal | B12: =SUM(B5:B11) -> 0 | C12: =SUM(C5:C11) -> 0 | D12: =SUM(D5:D11) -> 0 | E12: =IFERROR(B12/L2,0) -> 0 | J12: =SUM(J5:J11) -> 0 | K12: =IFERROR(J12/C12,0) -> 0
A14: PAID ADVERTISING
A15: Google Search Ads (PPC) | B15: 0 | C15: 0 | D15: =B15-C15 -> 0 | E15: =IFERROR(B15/L2,0) -> 0 | F15: 0 | G15: 0 | H15: 0 | I15: =IFERROR(C15/H15,0) -> 0 | J15: 0 | K15: =IFERROR(J15/C15,0) -> 0
A16: Google Display / Retargeting | B16: 0 | C16: 0 | D16: =B16-C16 -> 0 | E16: =IFERROR(B16/L2,0) -> 0 | F16: 0 | G16: 0 | H16: 0 | I16: =IFERROR(C16/H16,0) -> 0 | J16: 0 | K16: =IFERROR(J16/C16,0) -> 0
A17: Meta Ads (Facebook / Instagram) | B17: 0 | C17: 0 | D17: =B17-C17 -> 0 | E17: =IFERROR(B17/L2,0) -> 0 | F17: 0 | G17: 0 | H17: 0 | I17: =IFERROR(C17/H17,0) -> 0 | J17: 0 | K17: =IFERROR(J17/C17,0) -> 0
A18: TikTok Ads | B18: 0 | C18: 0 | D18: =B18-C18 -> 0 | E18: =IFERROR(B18/L2,0) -> 0 | F18: 0 | G18: 0 | H18: 0 | I18: =IFERROR(C18/H18,0) -> 0 | J18: 0 | K18: =IFERROR(J18/C18,0) -> 0
A19: Pinterest Ads | B19: 0 | C19: 0 | D19: =B19-C19 -> 0 | E19: =IFERROR(B19/L2,0) -> 0 | F19: 0 | G19: 0 | H19: 0 | I19: =IFERROR(C19/H19,0) -> 0 | J19: 0 | K19: =IFERROR(J19/C19,0) -> 0
A20: YouTube Ads | B20: 0 | C20: 0 | D20: =B20-C20 -> 0 | E20: =IFERROR(B20/L2,0) -> 0 | F20: 0 | G20: 0 | H20: 0 | I20: =IFERROR(C20/H20,0) -> 0 | J20: 0 | K20: =IFERROR(J20/C20,0) -> 0
A21: Yelp Ads / Sponsorship | B21: 0 | C21: 0 | D21: =B21-C21 -> 0 | E21: =IFERROR(B21/L2,0) -> 0 | F21: 0 | G21: 0 | H21: 0 | I21: =IFERROR(C21/H21,0) -> 0 | J21: 0 | K21: =IFERROR(J21/C21,0) -> 0
A22: PAID ADVERTISING — Subtotal | B22: =SUM(B15:B21) -> 0 | C22: =SUM(C15:C21) -> 0 | D22: =SUM(D15:D21) -> 0 | E22: =IFERROR(B22/L2,0) -> 0 | J22: =SUM(J15:J21) -> 0 | K22: =IFERROR(J22/C22,0) -> 0
A24: LOCAL & EVENTS
A25: Event Sponsorship / Booth | B25: 0 | C25: 0 | D25: =B25-C25 -> 0 | E25: =IFERROR(B25/L2,0) -> 0 | F25: 0 | G25: 0 | H25: 0 | I25: =IFERROR(C25/H25,0) -> 0 | J25: 0 | K25: =IFERROR(J25/C25,0) -> 0
A26: Flyers / Print Materials | B26: 0 | C26: 0 | D26: =B26-C26 -> 0 | E26: =IFERROR(B26/L2,0) -> 0 | F26: 0 | G26: 0 | H26: 0 | I26: =IFERROR(C26/H26,0) -> 0 | J26: 0 | K26: =IFERROR(J26/C26,0) -> 0
A27: Direct Mail | B27: 0 | C27: 0 | D27: =B27-C27 -> 0 | E27: =IFERROR(B27/L2,0) -> 0 | F27: 0 | G27: 0 | H27: 0 | I27: =IFERROR(C27/H27,0) -> 0 | J27: 0 | K27: =IFERROR(J27/C27,0) -> 0
A28: Local Directory Listings | B28: 0 | C28: 0 | D28: =B28-C28 -> 0 | E28: =IFERROR(B28/L2,0) -> 0 | F28: 0 | G28: 0 | H28: 0 | I28: =IFERROR(C28/H28,0) -> 0 | J28: 0 | K28: =IFERROR(J28/C28,0) -> 0
A29: PR / Press Outreach | B29: 0 | C29: 0 | D29: =B29-C29 -> 0 | E29: =IFERROR(B29/L2,0) -> 0 | F29: 0 | G29: 0 | H29: 0 | I29: =IFERROR(C29/H29,0) -> 0 | J29: 0 | K29: =IFERROR(J29/C29,0) -> 0
A30: LOCAL & EVENTS — Subtotal | B30: =SUM(B25:B29) -> 0 | C30: =SUM(C25:C29) -> 0 | D30: =SUM(D25:D29) -> 0 | E30: =IFERROR(B30/L2,0) -> 0 | J30: =SUM(J25:J29) -> 0 | K30: =IFERROR(J30/C30,0) -> 0
A32: AGENCY / FREELANCE
A33: Marketing Agency Retainer | B33: 0 | C33: 0 | D33: =B33-C33 -> 0 | E33: =IFERROR(B33/L2,0) -> 0 | F33: 0 | G33: 0 | H33: 0 | I33: =IFERROR(C33/H33,0) -> 0 | J33: 0 | K33: =IFERROR(J33/C33,0) -> 0
A34: Freelance Designer | B34: 0 | C34: 0 | D34: =B34-C34 -> 0 | E34: =IFERROR(B34/L2,0) -> 0 | F34: 0 | G34: 0 | H34: 0 | I34: =IFERROR(C34/H34,0) -> 0 | J34: 0 | K34: =IFERROR(J34/C34,0) -> 0
A35: Freelance Copywriter | B35: 0 | C35: 0 | D35: =B35-C35 -> 0 | E35: =IFERROR(B35/L2,0) -> 0 | F35: 0 | G35: 0 | H35: 0 | I35: =IFERROR(C35/H35,0) -> 0 | J35: 0 | K35: =IFERROR(J35/C35,0) -> 0
A36: Consultant / Advisor Fees | B36: 0 | C36: 0 | D36: =B36-C36 -> 0 | E36: =IFERROR(B36/L2,0) -> 0 | F36: 0 | G36: 0 | H36: 0 | I36: =IFERROR(C36/H36,0) -> 0 | J36: 0 | K36: =IFERROR(J36/C36,0) -> 0
A37: Other Contracted Services | B37: 0 | C37: 0 | D37: =B37-C37 -> 0 | E37: =IFERROR(B37/L2,0) -> 0 | F37: 0 | G37: 0 | H37: 0 | I37: =IFERROR(C37/H37,0) -> 0 | J37: 0 | K37: =IFERROR(J37/C37,0) -> 0
A38: AGENCY / FREELANCE — Subtotal | B38: =SUM(B33:B37) -> 0 | C38: =SUM(C33:C37) -> 0 | D38: =SUM(D33:D37) -> 0 | E38: =IFERROR(B38/L2,0) -> 0 | J38: =SUM(J33:J37) -> 0 | K38: =IFERROR(J38/C38,0) -> 0
A40: GRAND TOTAL | B40: =SUM(B4:B39) -> 0 | C40: =SUM(C4:C39) -> 0 | D40: =B40-C40 -> 0 | E40: =IFERROR(B40/L2,0) -> 0 | J40: =SUM(J4:J39) -> 0 | K40: =IFERROR(J40/C40,0) -> 0

Sheet Budget Dashboard
A1: MARKETING BUDGET | DASHBOARD & ROI SUMMARY
A2: Total Budget: | C2: ='Monthly Budget'!L2 -> 0
A3: Category | B3: Budgeted | C3: Actual | D3: Variance | E3: % Budget | F3: Overall ROAS
A4: Organic / Owned | B4: ='Monthly Budget'!B12 -> 0 | C4: ='Monthly Budget'!C12 -> 0 | D4: ='Monthly Budget'!D12 -> 0 | E4: ='Monthly Budget'!E12 -> 0 | F4: ='Monthly Budget'!K12 -> 0
A5: Paid Advertising | B5: ='Monthly Budget'!B21 -> 0 | C5: ='Monthly Budget'!C21 -> 0 | D5: ='Monthly Budget'!D21 -> 0 | E5: ='Monthly Budget'!E21 -> 0 | F5: ='Monthly Budget'!K21 -> 0
A6: Local & Events | B6: ='Monthly Budget'!B28 -> 0 | C6: ='Monthly Budget'!C28 -> 0 | D6: ='Monthly Budget'!D28 -> 0 | E6: ='Monthly Budget'!E28 -> 0 | F6: ='Monthly Budget'!K28 -> 0
A7: Agency / Freelance | B7: ='Monthly Budget'!B35 -> 0 | C7: ='Monthly Budget'!C35 -> 0 | D7: ='Monthly Budget'!D35 -> 0 | E7: ='Monthly Budget'!E35 -> 0 | F7: ='Monthly Budget'!K35 -> 0
A8: GRAND TOTAL | B8: ='Monthly Budget'!B40 -> 0 | C8: ='Monthly Budget'!C40 -> 0 | D8: ='Monthly Budget'!D40 -> 0 | E8: ='Monthly Budget'!E40 -> 0 | F8: ='Monthly Budget'!K40 -> 0
