Workbook

Sheet Dashboard
A1: PAID MEDIA PERFORMANCE REPORT
A2: Google Ads + Meta Ads | [Client Name] | [Reporting Period] | Prepared by: Carlos M.
A4: EXECUTIVE SNAPSHOT
A5: Total Spend | B5: Total Revenue | C5: Blended ROAS | D5: Total Leads | E5: Blended CPL | F5: Impressions | G5: Avg CTR | H5: Conv. Rate
A6: =IFERROR(SUM('Google Ads'!B4:B8)+'Meta Ads'!B4:B8,0) -> 60800 | B6: =IFERROR(SUM('Google Ads'!C4:C8),0) -> 221000 | C6: =IFERROR(B6/A6,0) -> 3.6348684 | D6: =IFERROR(SUM('Google Ads'!E4:E8)+SUM('Meta Ads'!E4:E8),0) -> 2412 | E6: =IFERROR(A6/D6,0) -> 25.207297 | F6: =IFERROR(SUM('Google Ads'!F4:F8)+SUM('Meta Ads'!F4:F8),0) -> 1497000 | G6: =IFERROR(AVERAGE('Google Ads'!G4:G8),0) -> 0.032 | H6: =IFERROR(SUM('Google Ads'!E4:E8)/SUM('Google Ads'!D4:D8),0) -> 67.574751
A8: PERIOD-OVER-PERIOD COMPARISON
A9: Metric | B9: This Period | C9: Prior Period | D9: Change (%) | E9: Change ($) | F9: Status | G9: Target | H9: vs. Target
A10: Total Spend | B10: 54000 | C10: 48500 | D10: =(B10-C10)/C10 -> 0.11340206 | E10: =B10-C10 -> 5500 | F10: On Track | G10: 47000 | H10: =B10-G10 -> 7000
A11: Total Revenue | B11: 221000 | C11: 198000 | D11: =(B11-C11)/C11 -> 0.11616162 | E11: =B11-C11 -> 23000 | F11: On Track | G11: 170000 | H11: =B11-G11 -> 51000
A12: Blended ROAS | B12: =IFERROR(B11/B10,0) -> 4.0925926 | C12: =IFERROR(C11/C10,0) -> 4.0824742 | D12: =(B12-C12)/C12 -> 0.0024784886 | E12: =B12-C12 -> 0.010118366 | F12: Watch | G12: 4 | H12: =B12-G12 -> 0.092592593
A13: Total Leads | B13: 1260 | C13: 1180 | D13: =(B13-C13)/C13 -> 0.06779661 | E13: =B13-C13 -> 80 | F13: On Track | G13: 1200 | H13: =B13-G13 -> 60
A14: Blended CPL | B14: =IFERROR(B10/B13,0) -> 42.857143 | C14: =IFERROR(C10/C13,0) -> 41.101695 | D14: =(B14-C14)/C14 -> 0.042709867 | E14: =B14-C14 -> 1.7554479 | F14: Improved | G14: 38 | H14: =B14-G14 -> 4.8571429
A20: Carlos M. | Marketing Analytics Specialist | M.S. Marketing Analytics | carlosamunoz.com

Sheet Google Ads
A1: GOOGLE ADS PERFORMANCE
A2: Campaign-Level Summary
A3: Campaign | B3: Spend ($) | C3: Revenue ($) | D3: ROAS | E3: Leads | F3: Impressions | G3: CTR (%) | H3: Conv (%) | I3: CPC ($)
A4: Brand Search | B4: 12500 | C4: 68000 | D4: =C4/B4 -> 5.44 | E4: 420 | F4: 95000 | G4: =F4/F4*0.032 -> 0.032 | H4: =E4/E4*0.041 -> 0.041 | I4: =B4/F4*1000 -> 131.57895
A5: Non-Brand Search | B5: 18000 | C5: 52000 | D5: =C5/B5 -> 2.8888889 | E5: 380 | F5: 210000 | G5: =F5/F5*0.032 -> 0.032 | H5: =E5/E5*0.041 -> 0.041 | I5: =B5/F5*1000 -> 85.714286
A6: Performance Max | B6: 9500 | C6: 41000 | D6: =C6/B6 -> 4.3157895 | E6: 290 | F6: 180000 | G6: =F6/F6*0.032 -> 0.032 | H6: =E6/E6*0.041 -> 0.041 | I6: =B6/F6*1000 -> 52.777778
A7: Remarketing | B7: 5200 | C7: 31000 | D7: =C7/B7 -> 5.9615385 | E7: 210 | F7: 42000 | G7: =F7/F7*0.032 -> 0.032 | H7: =E7/E7*0.041 -> 0.041 | I7: =B7/F7*1000 -> 123.80952
A8: Shopping | B8: 8800 | C8: 29000 | D8: =C8/B8 -> 3.2954545 | E8: 180 | F8: 155000 | G8: =F8/F8*0.032 -> 0.032 | H8: =E8/E8*0.041 -> 0.041 | I8: =B8/F8*1000 -> 56.774194
A9: TOTAL | B9: =SUM(B4:B8) -> 54000 | C9: =SUM(C4:C8) -> 221000 | D9: =C9/B9 -> 4.0925926 | E9: =SUM(E4:E8) -> 1480 | F9: =SUM(F4:F8) -> 682000
A11: Budget Pacing
A12: Campaign | B12: Monthly Budget | C12: Spend to Date | D12: Pacing % | E12: Days Elapsed | F12: Projected End Spend | G12: Status
A13: Brand Search | B13: 15000 | C13: 12500 | D13: =C13/B13 -> 0.83333333 | E13: 18 | F13: =C13/D13*30 -> 450000 | G13: On Pace
A14: Non-Brand Search | B14: 20000 | C14: 18000 | D14: =C14/B14 -> 0.9 | E14: 18 | F14: =C14/D14*30 -> 600000 | G14: Watch
A15: Performance Max | B15: 10000 | C15: 9500 | D15: =C15/B15 -> 0.95 | E15: 18 | F15: =C15/D15*30 -> 300000 | G15: Overpacing
A16: Remarketing | B16: 6000 | C16: 5200 | D16: =C16/B16 -> 0.86666667 | E16: 18 | F16: =C16/D16*30 -> 180000 | G16: On Pace
A17: Shopping | B17: 10000 | C17: 8800 | D17: =C17/B17 -> 0.88 | E17: 18 | F17: =C17/D17*30 -> 300000 | G17: On Pace
A21: Carlos M. | Marketing Analytics Specialist | M.S. Marketing Analytics | carlosamunoz.com

Sheet Meta Ads
A1: META ADS PERFORMANCE
A2: Campaign-Level Summary
A3: Campaign | B3: Spend ($) | C3: Objective | D3: CPL ($) | E3: Leads | F3: Reach | G3: CTR (%) | H3: Frequency
A4: Prospecting TOF | B4: 8500 | C4: Awareness | D4: 45.2 | E4: 188 | F4: 320000 | G4: 0.028 | H4: 1.8
A5: Lead Gen MOF | B5: 10200 | C5: Lead Gen | D5: 38.7 | E5: 264 | F5: 145000 | G5: 0.041 | H5: 2.4
A6: Retargeting BOF | B6: 6800 | C6: Conversion | D6: 28.5 | E6: 239 | F6: 42000 | G6: 0.068 | H6: 4.2
A7: Lookalike 1pct | B7: 7400 | C7: Lead Gen | D7: 52.1 | E7: 142 | F7: 280000 | G7: 0.022 | H7: 1.4
A8: Engaged Users | B8: 3100 | C8: Conversion | D8: 31.4 | E8: 99 | F8: 28000 | G8: 0.055 | H8: 5.1
A9: TOTAL | B9: =SUM(B4:B8) -> 36000 | D9: =B9/E9 -> 38.626609 | E9: =SUM(E4:E8) -> 932 | F9: =SUM(F4:F8) -> 815000
A11: Top Creative Performance
A12: Creative | B12: Format | C12: Spend ($) | D12: CTR (%) | E12: CPL ($) | F12: Leads | G12: Assessment
A13: [Video: Problem-Solution 30s] | B13: Video | C13: 9200 | D13: 0.062 | E13: 29.4 | F13: 313 | G13: Top Performer
A14: [Carousel: Product Features] | B14: Carousel | C14: 7800 | D14: 0.044 | E14: 38.1 | F14: 205 | G14: Stable
A15: [Static: Testimonial Quote] | B15: Static | C15: 6100 | D15: 0.031 | E15: 51.2 | F15: 119 | G15: Underperforming
A16: [Video: UGC Customer Story] | B16: Video | C16: 5100 | D16: 0.057 | E16: 32.8 | F16: 155 | G16: Growing
A21: Carlos M. | Marketing Analytics Specialist | M.S. Marketing Analytics | carlosamunoz.com

Sheet ROAS Analysis
A1: ROAS AND CPL DEEP DIVE
A2: ROAS by Channel and Campaign
A3: Channel | B3: Target ROAS | C3: Actual ROAS | D3: Variance | E3: Revenue | F3: Spend | G3: Assessment
A4: Google - Brand | B4: 4 | C4: ='Google Ads'!C4/'Google Ads'!B4 -> 5.44 | D4: =C4-B4 -> 1.44 | E4: ='Google Ads'!C4 -> 68000 | F4: ='Google Ads'!B4 -> 12500 | G4: Exceeding target
A5: Google - Non-Brand | B5: 3.5 | C5: ='Google Ads'!C5/'Google Ads'!B5 -> 2.8888889 | D5: =C5-B5 -> -0.61111111 | E5: ='Google Ads'!C5 -> 52000 | F5: ='Google Ads'!B5 -> 18000 | G5: Slightly below target
A6: Google - Pmax | B6: 4 | C6: ='Google Ads'!C6/'Google Ads'!B6 -> 4.3157895 | D6: =C6-B6 -> 0.31578947 | E6: ='Google Ads'!C6 -> 41000 | F6: ='Google Ads'!B6 -> 9500 | G6: Strong, watch budget
A7: Google - Remarketing | B7: 5 | C7: ='Google Ads'!C7/'Google Ads'!B7 -> 5.9615385 | D7: =C7-B7 -> 0.96153846 | E7: ='Google Ads'!C7 -> 31000 | F7: ='Google Ads'!B7 -> 5200 | G7: Best in portfolio
A8: Meta - Retargeting | B8: 3.8 | C8: =4.2 -> 4.2 | D8: =C8-B8 -> 0.4 | E8: =28500 -> 28500 | F8: =6800 -> 6800 | G8: On target
A9: Meta - Prospecting | B9: 2.5 | C9: =1.8 -> 1.8 | D9: =C9-B9 -> -0.7 | E9: =15300 -> 15300 | F9: =8500 -> 8500 | G9: Expected for TOF
A12: CPL by Channel | 6-Month Trend
A13: Channel | B13: Month 1 | C13: Month 2 | D13: Month 3 | E13: Month 4 | F13: Month 5 | G13: Month 6 (Current)
A14: Google Ads | B14: 42.1 | C14: 40.8 | D14: 39.2 | E14: 38.6 | F14: 37.9 | G14: ='Google Ads'!B16/'Google Ads'!E16 -> 333.33333
A15: Meta Ads | B15: 38.4 | C15: 37.1 | D15: 40.2 | E15: 41.5 | F15: 39.8 | G15: On target
A16: Blended | B16: =(B14+B15)/2 -> 40.25 | C16: =(C14+C15)/2 -> 38.95 | D16: =(D14+D15)/2 -> 39.7 | E16: =(E14+E15)/2 -> 40.05 | F16: =(F14+F15)/2 -> 38.85 | G16: Expected for TOF
A35: Carlos M. | Marketing Analytics Specialist | M.S. Marketing Analytics | carlosamunoz.com

Sheet Budget Pacing
A1: BUDGET PACING TRACKER
A2: Assumptions
A3: Days in Month | B3: 30
A4: Days Elapsed | B4: 18
A5: Days Remaining | B5: 18
B6: =B4-B5 -> 0
A8: Pacing Dashboard | All Campaigns
A9: Campaign | B9: Channel | C9: Monthly Budget | D9: Spend to Date | E9: Pacing % | F9: Ideal Pacing % | G9: Projected End Spend | H9: Variance to Budget
A10: Brand Search | B10: Google | C10: 15000 | D10: 12500 | E10: =IFERROR(D10/C10,0) -> 0.83333333 | F10: =IFERROR(D10/$B$5*$B$4,0) -> 12500 | G10: =IFERROR(D10/$B$5*$B$4,0) -> 12500 | H10: =IFERROR(G10-C10,0) -> -2500
A11: Non-Brand Search | B11: Google | C11: 20000 | D11: 18000 | E11: =IFERROR(D11/C11,0) -> 0.9 | F11: =IFERROR(D11/$B$5*$B$4,0) -> 18000 | G11: =IFERROR(D11/$B$5*$B$4,0) -> 18000 | H11: =IFERROR(G11-C11,0) -> -2000
A12: Performance Max | B12: Google | C12: 10000 | D12: 9500 | E12: =IFERROR(D12/C12,0) -> 0.95 | F12: =IFERROR(D12/$B$5*$B$4,0) -> 9500 | G12: =IFERROR(D12/$B$5*$B$4,0) -> 9500 | H12: =IFERROR(G12-C12,0) -> -500
A13: Remarketing | B13: Google | C13: 6000 | D13: 5200 | E13: =IFERROR(D13/C13,0) -> 0.86666667 | F13: =IFERROR(D13/$B$5*$B$4,0) -> 5200 | G13: =IFERROR(D13/$B$5*$B$4,0) -> 5200 | H13: =IFERROR(G13-C13,0) -> -800
A14: Shopping | B14: Google | C14: 10000 | D14: 8800 | E14: =IFERROR(D14/C14,0) -> 0.88 | F14: =IFERROR(D14/$B$5*$B$4,0) -> 8800 | G14: =IFERROR(D14/$B$5*$B$4,0) -> 8800 | H14: =IFERROR(G14-C14,0) -> -1200
A15: Prospecting TOF | B15: Meta | C15: 10000 | D15: 8500 | E15: =IFERROR(D15/C15,0) -> 0.85 | F15: =IFERROR(D15/$B$5*$B$4,0) -> 8500 | G15: =IFERROR(D15/$B$5*$B$4,0) -> 8500 | H15: =IFERROR(G15-C15,0) -> -1500
A16: Lead Gen MOF | B16: Meta | C16: 12000 | D16: 10200 | E16: =IFERROR(D16/C16,0) -> 0.85 | F16: =IFERROR(D16/$B$5*$B$4,0) -> 10200 | G16: =IFERROR(D16/$B$5*$B$4,0) -> 10200 | H16: =IFERROR(G16-C16,0) -> -1800
A17: Retargeting BOF | B17: Meta | C17: 8000 | D17: 6800 | E17: =IFERROR(D17/C17,0) -> 0.85 | F17: =IFERROR(D17/$B$5*$B$4,0) -> 6800 | G17: =IFERROR(D17/$B$5*$B$4,0) -> 6800 | H17: =IFERROR(G17-C17,0) -> -1200
A18: Lookalike 1pct | B18: Meta | C18: 9000 | D18: 7400 | E18: =IFERROR(D18/C18,0) -> 0.82222222 | F18: =IFERROR(D18/$B$5*$B$4,0) -> 7400 | G18: =IFERROR(D18/$B$5*$B$4,0) -> 7400 | H18: =IFERROR(G18-C18,0) -> -1600
A19: TOTAL | E19: =IFERROR(SUM(C10:C18),0) -> 100000 | F19: =SUM(D10:D18) -> 86900 | G19: =IFERROR(D19/C19,0) -> 0 | H19: =IFERROR($B$5/$B$4,0) -> 1 | I19: =SUM(G10:G18) -> 86900 | J19: =G19-C19 -> 0
A24: Carlos M. | Marketing Analytics Specialist | M.S. Marketing Analytics | carlosamunoz.com

Sheet Recommendations
A1: RECOMMENDATIONS AND NEXT STEPS
A3: # | B3: Recommendation | C3: Channel | D3: Priority | E3: Est. Impact | F3: Deadline | G3: Owner
A4: 1 | B4: Pause underperforming static creative on Meta. Reallocate $2,000 to top video creative. | C4: Meta | D4: High | E4: CPL -15% | F4: Immediate | G4: Marketing
A5: 2 | B5: Increase Non-Brand Search max CPC by 12% on [keyword group] to recover lost impression share. | C5: Google | D5: High | E5: Leads +80/mo | F5: This Week | G5: Paid Search
A6: 3 | B6: Cap Performance Max daily budget at $320 to prevent end-of-month overrun. | C6: Google | D6: High | E6: Budget control | F6: This Week | G6: Paid Search
A7: 4 | B7: Refresh Retargeting audience from 30-day to 14-day window to reduce frequency fatigue. | C7: Meta | D7: Medium | E7: CTR +0.5% | F7: 2 Weeks | G7: Marketing
A8: 5 | B8: Test UGC video creative on Lookalike 1% audience. Budget: $1,500 for 14-day test. | C8: Meta | D8: Medium | E8: CPL -10% | F8: Next Sprint | G8: Creative
A9: 6 | B9: Set up GA4 event tracking for micro-conversions (scroll depth, video views). | C9: Both | D9: Low | E9: Attribution clarity | F9: 30 Days | G9: Analytics
A14: Carlos M. | Marketing Analytics Specialist | M.S. Marketing Analytics | carlosamunoz.com
