Workbook

Sheet How to Use
A1: NORCAL SBDC | Project Plan & Timeline
A3: HOW TO USE THIS WORKBOOK
A5: Column | B5: Description
A6: Week | B6: Grouped label (Week 1–8). Rows are merged per week block.
A7: Dates | B7: Enter the start and end date for each week.
A8: Task # | B8: Auto-numbered within each week.
A9: Task Description | B9: Describe the specific task or action item.
A10: Lead | B10: Person responsible. Use full name or initials.
A11: Status | B11: Choose from: Not Started / In Progress / Completed / Blocked
A12: Priority | B12: Choose from: Low / Medium / High
A13: Due Date | B13: Target completion date for this task.
A14: Deliverable | B14: What is the output or result of this task?
A15: Notes | B15: Any blockers, dependencies, or context.
A17: STATUS COLOR GUIDE
A18: Not Started | B18: Gray
A19: In Progress | B19: Blue highlight
A20: Completed | B20: Green highlight
A21: Blocked | B21: Red/Amber highlight
A23: 💡 TIP | B23: The Summary tab auto-counts tasks by status per week.

Sheet Project Timeline
A1: PROJECT PLAN | 8-WEEK TIMELINE
A2: Client / Project: | F2: Advisor: | J2: Start Date:
A3: Week | B3: Dates | C3: Task # | D3: Task Description | E3: Lead | F3: Status | G3: Priority | H3: Due Date | I3: Deliverable | J3: Notes | K3: % Done
A4: Week 1 | C4: 1.1 | F4: Not Started | G4: Medium | K4: 0%
C5: 1.2 | F5: Not Started | G5: Medium | K5: 0%
C6: 1.3 | F6: Not Started | G6: Medium | K6: 0%
A7: Week 2 | C7: 2.1 | F7: Not Started | G7: Medium | K7: 0%
C8: 2.2 | F8: Not Started | G8: Medium | K8: 0%
C9: 2.3 | F9: Not Started | G9: Medium | K9: 0%
A10: Week 3 | C10: 3.1 | F10: Not Started | G10: Medium | K10: 0%
C11: 3.2 | F11: Not Started | G11: Medium | K11: 0%
C12: 3.3 | F12: Not Started | G12: Medium | K12: 0%
A13: Week 4 | C13: 4.1 | F13: Not Started | G13: Medium | K13: 0%
C14: 4.2 | F14: Not Started | G14: Medium | K14: 0%
C15: 4.3 | F15: Not Started | G15: Medium | K15: 0%
A16: Week 5 | C16: 5.1 | F16: Not Started | G16: Medium | K16: 0%
C17: 5.2 | F17: Not Started | G17: Medium | K17: 0%
C18: 5.3 | F18: Not Started | G18: Medium | K18: 0%
A19: Week 6 | C19: 6.1 | F19: Not Started | G19: Medium | K19: 0%
C20: 6.2 | F20: Not Started | G20: Medium | K20: 0%
C21: 6.3 | F21: Not Started | G21: Medium | K21: 0%
A22: Week 7 | C22: 7.1 | F22: Not Started | G22: Medium | K22: 0%
C23: 7.2 | F23: Not Started | G23: Medium | K23: 0%
C24: 7.3 | F24: Not Started | G24: Medium | K24: 0%
A25: Week 8 | C25: 8.1 | F25: Not Started | G25: Medium | K25: 0%
C26: 8.2 | F26: Not Started | G26: Medium | K26: 0%
C27: 8.3 | F27: Not Started | G27: Medium | K27: 0%

Sheet Summary
A1: PROJECT PLAN | STATUS SUMMARY
A2: Week | B2: Total Tasks | C2: Not Started | D2: In Progress | E2: Completed | F2: Blocked
A3: Week 1 | B3: =COUNTA('Project Timeline'!D4:D6) -> 0 | C3: =COUNTIF('Project Timeline'!F4:F6,"Not Started") -> 3 | D3: =COUNTIF('Project Timeline'!F4:F6,"In Progress") -> 0 | E3: =COUNTIF('Project Timeline'!F4:F6,"Completed") -> 0 | F3: =COUNTIF('Project Timeline'!F4:F6,"Blocked") -> 0
A4: Week 2 | B4: =COUNTA('Project Timeline'!D7:D9) -> 0 | C4: =COUNTIF('Project Timeline'!F7:F9,"Not Started") -> 3 | D4: =COUNTIF('Project Timeline'!F7:F9,"In Progress") -> 0 | E4: =COUNTIF('Project Timeline'!F7:F9,"Completed") -> 0 | F4: =COUNTIF('Project Timeline'!F7:F9,"Blocked") -> 0
A5: Week 3 | B5: =COUNTA('Project Timeline'!D10:D12) -> 0 | C5: =COUNTIF('Project Timeline'!F10:F12,"Not Started") -> 3 | D5: =COUNTIF('Project Timeline'!F10:F12,"In Progress") -> 0 | E5: =COUNTIF('Project Timeline'!F10:F12,"Completed") -> 0 | F5: =COUNTIF('Project Timeline'!F10:F12,"Blocked") -> 0
A6: Week 4 | B6: =COUNTA('Project Timeline'!D13:D15) -> 0 | C6: =COUNTIF('Project Timeline'!F13:F15,"Not Started") -> 3 | D6: =COUNTIF('Project Timeline'!F13:F15,"In Progress") -> 0 | E6: =COUNTIF('Project Timeline'!F13:F15,"Completed") -> 0 | F6: =COUNTIF('Project Timeline'!F13:F15,"Blocked") -> 0
A7: Week 5 | B7: =COUNTA('Project Timeline'!D16:D18) -> 0 | C7: =COUNTIF('Project Timeline'!F16:F18,"Not Started") -> 3 | D7: =COUNTIF('Project Timeline'!F16:F18,"In Progress") -> 0 | E7: =COUNTIF('Project Timeline'!F16:F18,"Completed") -> 0 | F7: =COUNTIF('Project Timeline'!F16:F18,"Blocked") -> 0
A8: Week 6 | B8: =COUNTA('Project Timeline'!D19:D21) -> 0 | C8: =COUNTIF('Project Timeline'!F19:F21,"Not Started") -> 3 | D8: =COUNTIF('Project Timeline'!F19:F21,"In Progress") -> 0 | E8: =COUNTIF('Project Timeline'!F19:F21,"Completed") -> 0 | F8: =COUNTIF('Project Timeline'!F19:F21,"Blocked") -> 0
A9: Week 7 | B9: =COUNTA('Project Timeline'!D22:D24) -> 0 | C9: =COUNTIF('Project Timeline'!F22:F24,"Not Started") -> 3 | D9: =COUNTIF('Project Timeline'!F22:F24,"In Progress") -> 0 | E9: =COUNTIF('Project Timeline'!F22:F24,"Completed") -> 0 | F9: =COUNTIF('Project Timeline'!F22:F24,"Blocked") -> 0
A10: Week 8 | B10: =COUNTA('Project Timeline'!D25:D27) -> 0 | C10: =COUNTIF('Project Timeline'!F25:F27,"Not Started") -> 3 | D10: =COUNTIF('Project Timeline'!F25:F27,"In Progress") -> 0 | E10: =COUNTIF('Project Timeline'!F25:F27,"Completed") -> 0 | F10: =COUNTIF('Project Timeline'!F25:F27,"Blocked") -> 0
A11: TOTAL | B11: =SUM(B3:B10) -> 0 | C11: =SUM(C3:C10) -> 24 | D11: =SUM(D3:D10) -> 0 | E11: =SUM(E3:E10) -> 0 | F11: =SUM(F3:F10) -> 0
