Workbook

Sheet Platform Audit
A1: SOCIAL MEDIA AUDIT | NorCal SBDC
A2: Client / Business: | E2: Advisor: | H2: Audit Date:
A3: Field | B3: Guidance | C3: Instagram | D3: Facebook | E3: LinkedIn | F3: TikTok | G3: YouTube | H3: Pinterest | I3: Twitter / X | J3: Google Business Profile | K3: Yelp
A4: Profile URL / Handle | B4: e.g. @businessname or full URL
A5: Follower / Subscriber Count | B5: Current count
A6: Account Claimed & Complete? | B6: Yes / No — bio, photo, contact info all filled in?
A7: Posting Frequency | B7: e.g. Daily / 3x/week / Monthly / Inactive
A8: Last Post Date | B8: MM/DD/YYYY
A9: Avg. Likes per Post | B9: Approximate
A10: Avg. Comments per Post | B10: Approximate
A11: Avg. Shares / Saves | B11: Approximate
A12: Engagement Rate (Est.) | B12: (Likes+Comments) / Followers × 100
A13: Top Performing Content Type | B13: e.g. Video, carousel, photo, text
A14: Bio / Description Quality | B14: Strong / Needs Work / Missing
A15: Link in Bio / CTA Present? | B15: Yes / No — what does it link to?
... A20: Top Priority to Fix | B20: Most impactful improvement for this platform

Sheet Summary & Priorities
A1: SOCIAL MEDIA AUDIT | SUMMARY & PRIORITIES
A2: Platform | B2: Rating (1–5) | C2: Active? | D2: Followers | E2: Priority Level | F2: Invest More? | G2: Top Action Item
A3: Instagram | B3: ='Platform Audit'!C20 -> 0 | C3: ='Platform Audit'!C7 -> 0 | D3: ='Platform Audit'!C5 -> 0
A4: Facebook | B4: ='Platform Audit'!D20 -> 0 | C4: ='Platform Audit'!D7 -> 0 | D4: ='Platform Audit'!D5 -> 0
A5: LinkedIn | B5: ='Platform Audit'!E20 -> 0 | C5: ='Platform Audit'!E7 -> 0 | D5: ='Platform Audit'!E5 -> 0
A6: TikTok | B6: ='Platform Audit'!F20 -> 0 | C6: ='Platform Audit'!F7 -> 0 | D6: ='Platform Audit'!F5 -> 0
A7: YouTube | B7: ='Platform Audit'!G20 -> 0 | C7: ='Platform Audit'!G7 -> 0 | D7: ='Platform Audit'!G5 -> 0
A8: Pinterest | B8: ='Platform Audit'!H20 -> 0 | C8: ='Platform Audit'!H7 -> 0 | D8: ='Platform Audit'!H5 -> 0
A9: Twitter / X | B9: ='Platform Audit'!I20 -> 0 | C9: ='Platform Audit'!I7 -> 0 | D9: ='Platform Audit'!I5 -> 0
A10: Google Business Profile | B10: ='Platform Audit'!J20 -> 0 | C10: ='Platform Audit'!J7 -> 0 | D10: ='Platform Audit'!J5 -> 0
A11: Yelp | B11: ='Platform Audit'!K20 -> 0 | C11: ='Platform Audit'!K7 -> 0 | D11: ='Platform Audit'!K5 -> 0

Sheet Advisor Notes
A1: ADVISOR NOTES & RECOMMENDATIONS
A2: Category | B2: Observation | C2: Recommended Action
A3: Overall Social Strategy
A4: Best Performing Platform
A5: Platform to Deprioritize
A6: Quick Win (do this week)
A7: 30-Day Priority
A8: 60-Day Priority
A9: Content Strategy Gap
A10: Audience Growth Tactic
A11: Engagement Improvement
A12: Budget Recommendation
