Workbook

Sheet Task Tracker
A1: TIMELINE & DELIVERABLES TRACKER | NorCal SBDC
A2: Client / Project: | F2: Advisor: | J2: Quarter / Period:
A3: # | B3: Task / Action Item | C3: Owner | D3: Status | E3: Priority | F3: Start Date | G3: Due Date | H3: Milestone | I3: Deliverable | J3: Completion % | K3: Verified By | L3: Notes
A4: Phase 1: Discovery & Planning
A5: 1 | D5: Not Started | E5: Medium | H5: No | J5: 0%
A6: 2 | D6: Not Started | E6: Medium | H6: No | J6: 0%
A7: 3 | D7: Not Started | E7: Medium | H7: No | J7: 0%
A8: 4 | D8: Not Started | E8: Medium | H8: No | J8: 0%
A9: 5 | D9: Not Started | E9: Medium | H9: No | J9: 0%
A10: Phase 2: Strategy Development
A11: 6 | D11: Not Started | E11: Medium | H11: No | J11: 0%
A12: 7 | D12: Not Started | E12: Medium | H12: No | J12: 0%
A13: 8 | D13: Not Started | E13: Medium | H13: No | J13: 0%
A14: 9 | D14: Not Started | E14: Medium | H14: No | J14: 0%
A15: 10 | D15: Not Started | E15: Medium | H15: No | J15: 0%
A16: Phase 3: Execution
A17: 11 | D17: Not Started | E17: Medium | H17: No | J17: 0%
A18: 12 | D18: Not Started | E18: Medium | H18: No | J18: 0%
A19: 13 | D19: Not Started | E19: Medium | H19: No | J19: 0%
A20: 14 | D20: Not Started | E20: Medium | H20: No | J20: 0%
A21: 15 | D21: Not Started | E21: Medium | H21: No | J21: 0%
A22: 16 | D22: Not Started | E22: Medium | H22: No | J22: 0%
A23: Phase 4: Review & Next Steps
A24: 17 | D24: Not Started | E24: Medium | H24: No | J24: 0%
A25: 18 | D25: Not Started | E25: Medium | H25: No | J25: 0%
A26: 19 | D26: Not Started | E26: Medium | H26: No | J26: 0%
A27: 20 | D27: Not Started | E27: Medium | H27: No | J27: 0%

Sheet Dashboard
A1: DELIVERABLES DASHBOARD | NorCal SBDC
A2: OVERALL SUMMARY
A3: Total Tasks | B3: =COUNTA('Task Tracker'!B5:B27) -> 0
A4: Completed | B4: =COUNTIF('Task Tracker'!D5:D27,"Completed") -> 0
A5: In Progress | B5: =COUNTIF('Task Tracker'!D5:D27,"In Progress") -> 0
A6: Not Started | B6: =COUNTIF('Task Tracker'!D5:D27,"Not Started") -> 20
A7: Blocked | B7: =COUNTIF('Task Tracker'!D5:D27,"Blocked") -> 0
A8: Deferred | B8: =COUNTIF('Task Tracker'!D5:D27,"Deferred") -> 0
A9: Milestones Total | B9: =COUNTIF('Task Tracker'!H5:H27,"Yes") -> 0
A11: COMPLETION RATE
A12: % Complete | B12: =IFERROR(COUNTIF('Task Tracker'!D5:D27,"Completed")/COUNTA('Task Tracker'!B5:B27),0) -> 0
A14: PHASE BREAKDOWN
A15: Phase | B15: Tasks | C15: Completed | D15: In Progress | E15: Not Started | F15: Blocked | G15: % Done
A16: Phase 1: Discovery & Planning | B16: =COUNTA('Task Tracker'!B5:B9) -> 0 | C16: =COUNTIF('Task Tracker'!D5:D9,"Completed") -> 0 | D16: =COUNTIF('Task Tracker'!D5:D9,"In Progress") -> 0 | E16: =COUNTIF('Task Tracker'!D5:D9,"Not Started") -> 5 | F16: =COUNTIF('Task Tracker'!D5:D9,"Blocked") -> 0 | G16: =IFERROR(COUNTIF('Task Tracker'!D5:D9,"Completed")/COUNTA('Task Tracker'!B5:B9),0) -> 0
A17: Phase 2: Strategy Development | B17: =COUNTA('Task Tracker'!B11:B15) -> 0 | C17: =COUNTIF('Task Tracker'!D11:D15,"Completed") -> 0 | D17: =COUNTIF('Task Tracker'!D11:D15,"In Progress") -> 0 | E17: =COUNTIF('Task Tracker'!D11:D15,"Not Started") -> 5 | F17: =COUNTIF('Task Tracker'!D11:D15,"Blocked") -> 0 | G17: =IFERROR(COUNTIF('Task Tracker'!D11:D15,"Completed")/COUNTA('Task Tracker'!B11:B15),0) -> 0
A18: Phase 3: Execution | B18: =COUNTA('Task Tracker'!B17:B22) -> 0 | C18: =COUNTIF('Task Tracker'!D17:D22,"Completed") -> 0 | D18: =COUNTIF('Task Tracker'!D17:D22,"In Progress") -> 0 | E18: =COUNTIF('Task Tracker'!D17:D22,"Not Started") -> 6 | F18: =COUNTIF('Task Tracker'!D17:D22,"Blocked") -> 0 | G18: =IFERROR(COUNTIF('Task Tracker'!D17:D22,"Completed")/COUNTA('Task Tracker'!B17:B22),0) -> 0
A19: Phase 4: Review & Next Steps | B19: =COUNTA('Task Tracker'!B24:B27) -> 0 | C19: =COUNTIF('Task Tracker'!D24:D27,"Completed") -> 0 | D19: =COUNTIF('Task Tracker'!D24:D27,"In Progress") -> 0 | E19: =COUNTIF('Task Tracker'!D24:D27,"Not Started") -> 4 | F19: =COUNTIF('Task Tracker'!D24:D27,"Blocked") -> 0 | G19: =IFERROR(COUNTIF('Task Tracker'!D24:D27,"Completed")/COUNTA('Task Tracker'!B24:B27),0) -> 0
